Date,Adj Close,daily returns,,,,,,,,,,,,,,,,,,,,
24-01-2014,30.597902,,,,,,,,,,,,,,,,,,,,,
27-01-2014,29.949541,0.021648445,,,,,,,,,,,,,,,,,,,,
28-01-2014,30.149027,-0.006616665,,,,,,,,,,,,,,,,,,,,
29-01-2014,30.473219,-0.010638587,,,,,,,,,,,,,,,,,,,,
30-01-2014,30.639477,-0.005426268,,,,,,,,,,,,,,,,,,,,
31-01-2014,31.454088,-0.025898414,,,,,,,,,,,,,,,,,,,,
03-02-2014,30.323591,0.037281106,,,,,,,,,,,,,,,,,,,,
04-02-2014,30.215521,0.003576639,,,,,,,,,,,,,,,,,,,,
05-02-2014,29.774979,0.014795712,,,,,,,,,,,,,,,,,,,,
06-02-2014,30.074226,-0.009950281,,,,,,,,,,,,,,,,,,,,
07-02-2014,30.3901,-0.010393977,,,,,,,,,,,,,,,,,,,,
10-02-2014,30.589596,-0.006521695,,,,,,,,,,,,,,,,,,,,
11-02-2014,30.897156,-0.009954314,,,,,,,,,,,,,,,,,,,,
12-02-2014,31.146528,-0.008006414,,,,,,,,,,,,,,,,,,,,
13-02-2014,31.262899,-0.003722336,,,,,,,,,,,,,,,,,,,,
14-02-2014,31.271194,-0.00026526,,,,,,,,,,,,,,,,,,,,
18-02-2014,31.338202,-0.002138221,,,,,,,,,,,,,,,,,,,,
19-02-2014,31.413574,-0.002399345,,,,,,,,,,,,,,,,,,,,
20-02-2014,31.614565,-0.006357544,,,,,,,,,,,,,,,,,,,,
21-02-2014,31.807188,-0.006055958,,,,,,,,,,,,,,,,,,,,
24-02-2014,31.564322,0.00769432,,,,,,,,,,,,,,,,,,,,
25-02-2014,31.438696,0.003995904,,,,,,,,,,,,,,,,,,,,
26-02-2014,31.380089,0.001867649,,,,,,,,,,,,,,,,,,,,
27-02-2014,31.706703,-0.010301103,,,,,,,,,,,,,,,,,,,,
28-02-2014,32.083549,-0.01174577,,,,,,,,,,,,,,,,,,,,
03-03-2014,31.63969,0.014028551,,,,,,,,,,,,,,,,,,,,
04-03-2014,32.167305,-0.016402213,,,,,,,,,,,,,,,,,,,,
05-03-2014,31.916063,0.007871961,,,,,,,,,,,,,,,,,,,,
06-03-2014,31.949556,-0.001048309,,,,,,,,,,,,,,,,,,,,
07-03-2014,31.740198,0.006595989,,,,,,,,,,,,,,,,,,,,
10-03-2014,31.67318,0.002115923,,,,,,,,,,,,,,,,,,,,
11-03-2014,31.840687,-0.005260785,,,,,,,,,,,,,,,,,,,,
12-03-2014,32.050049,-0.006532346,,,,,,,,,,,,,,,,,,,,
13-03-2014,31.731815,0.010028862,,,,,,,,,,,,,,,,,,,,
14-03-2014,31.57271,0.00503932,,,,,,,,,,,,,,,,,,,,
17-03-2014,31.865808,-0.009197884,,,,,,,,,,,,,,,,,,,,
18-03-2014,33.122036,-0.037927258,,,,,,,,,,,,,,,,,,,,
19-03-2014,32.887516,0.007130973,,,,,,,,,,,,,,,,,,,,
20-03-2014,33.775242,-0.026283335,,,,,,,,,,,,,,,,,,,,
21-03-2014,33.632877,0.004232912,,,,,,,,,,,,,,,,,,,,
24-03-2014,33.917618,-0.008395077,,,,,,,,,,,,,,,,,,,,
25-03-2014,33.783627,0.003966152,,,,,,,,,,,,,,,,,,,,
26-03-2014,33.323009,0.013822821,,,,,,,,,,,,,,,,,,,,
27-03-2014,32.962891,0.010924952,,,,,,,,,,,,,,,,,,,,
28-03-2014,33.750134,-0.023325626,,,,,,,,,,,,,,,,,,,,
31-03-2014,34.32798,-0.016833091,,,,,,,,,,,,,,,,,,,,
01-04-2014,34.688091,-0.010381402,,,,,,,,,,,,,,,,,,,,
02-04-2014,34.629459,0.001693125,,,,,,,,,,,,,,,,,,,,
03-04-2014,34.344723,0.008290531,,,,,,,,,,,,,,,,,,,,
04-04-2014,33.390003,0.028592989,,,,,,,,,,,,,,,,,,,,
07-04-2014,33.331379,0.001758823,,,,,,,,,,,,,,,,,,,,
08-04-2014,33.348137,-0.000502517,,,,,,,,,,,,,,,,,,,,
09-04-2014,33.892487,-0.016061082,,,,,,,,,,,,,,,,,,,,
10-04-2014,32.962891,0.028201289,,,,,,,,,,,,,,,,,,,,
11-04-2014,32.837269,0.003825592,,,,,,,,,,,,,,,,,,,,
14-04-2014,32.812157,0.000765326,,,,,,,,,,,,,,,,,,,,
15-04-2014,33.289513,-0.014339531,,,,,,,,,,,,,,,,,,,,
16-04-2014,33.833874,-0.016089231,,,,,,,,,,,,,,,,,,,,
17-04-2014,33.507248,0.009747921,,,,,,,,,,,,,,,,,,,,
21-04-2014,33.448635,0.001752329,,,,,,,,,,,,,,,,,,,,
22-04-2014,33.490517,-0.001250563,,,,,,,,,,,,,,,,,,,,
23-04-2014,33.239265,0.007558892,,,,,,,,,,,,,,,,,,,,
24-04-2014,33.381641,-0.004265099,,,,,,,,,,,,,,,,,,,,
25-04-2014,33.423519,-0.00125295,,,,,,,,,,,,,,,,,,,,
28-04-2014,34.227474,-0.023488587,,,,,,,,,,,,,,,,,,,,
29-04-2014,33.925976,0.008886937,,,,,,,,,,,,,,,,,,,,
30-04-2014,33.833874,0.002722183,,,,,,,,,,,,,,,,,,,,
01-05-2014,33.498875,0.010000306,,,,,,,,,,,,,,,,,,,,
02-05-2014,33.239265,0.007810341,,,,,,,,,,,,,,,,,,,,
05-05-2014,33.021519,0.006594064,,,,,,,,,,,,,,,,,,,,
06-05-2014,32.711662,0.009472371,,,,,,,,,,,,,,,,,,,,
07-05-2014,33.01313,-0.009131761,,,,,,,,,,,,,,,,,,,,
08-05-2014,33.197384,-0.005550257,,,,,,,,,,,,,,,,,,,,
09-05-2014,33.113647,0.002528776,,,,,,,,,,,,,,,,,,,,
12-05-2014,33.473763,-0.010758157,,,,,,,,,,,,,,,,,,,,
13-05-2014,34.08942,-0.018060061,,,,,,,,,,,,,,,,,,,,
14-05-2014,33.937618,0.004472972,,,,,,,,,,,,,,,,,,,,
15-05-2014,33.397854,0.016161637,,,,,,,,,,,,,,,,,,,,
16-05-2014,33.591846,-0.005774973,,,,,,,,,,,,,,,,,,,,
19-05-2014,33.524361,0.002013014,,,,,,,,,,,,,,,,,,,,
20-05-2014,33.465321,0.001764214,,,,,,,,,,,,,,,,,,,,
21-05-2014,34.030369,-0.016604228,,,,,,,,,,,,,,,,,,,,
22-05-2014,33.819538,0.006234,,,,,,,,,,,,,,,,,,,,
23-05-2014,33.836399,-0.00049831,,,,,,,,,,,,,,,,,,,,
27-05-2014,33.895451,-0.001742181,,,,,,,,,,,,,,,,,,,,
28-05-2014,33.743637,0.004499041,,,,,,,,,,,,,,,,,,,,
29-05-2014,34.021957,-0.008180599,,,,,,,,,,,,,,,,,,,,
30-05-2014,34.527977,-0.014655362,,,,,,,,,,,,,,,,,,,,
02-06-2014,34.401485,0.003676934,,,,,,,,,,,,,,,,,,,,
03-06-2014,33.979786,0.01241029,,,,,,,,,,,,,,,,,,,,
04-06-2014,34.005096,-0.0007443,,,,,,,,,,,,,,,,,,,,
05-06-2014,34.755692,-0.021596347,,,,,,,,,,,,,,,,,,,,
06-06-2014,34.983418,-0.006509541,,,,,,,,,,,,,,,,,,,,
09-06-2014,34.806301,0.005088648,,,,,,,,,,,,,,,,,,,,
10-06-2014,34.671368,0.00389177,,,,,,,,,,,,,,,,,,,,
11-06-2014,34.46051,0.00611883,,,,,,,,,,,,,,,,,,,,
12-06-2014,34.224358,0.006900115,,,,,,,,,,,,,,,,,,,,
13-06-2014,34.772568,-0.015765589,,,,,,,,,,,,,,,,,,,,
16-06-2014,35.000267,-0.006505636,,,,,,,,,,,,,,,,,,,,
17-06-2014,35.152081,-0.004318777,,,,,,,,,,,,,,,,,,,,
18-06-2014,35.126789,0.00072002,,,,,,,,,,,,,,,,,,,,
19-06-2014,35.008705,0.00337299,,,,,,,,,,,,,,,,,,,,
20-06-2014,35.152081,-0.004078734,,,,,,,,,,,,,,,,,,,,
23-06-2014,35.413532,-0.007382799,,,,,,,,,,,,,,,,,,,,
24-06-2014,35.211124,0.005748411,,,,,,,,,,,,,,,,,,,,
25-06-2014,35.447269,-0.006661867,,,,,,,,,,,,,,,,,,,,
26-06-2014,35.185837,0.007430035,,,,,,,,,,,,,,,,,,,,
27-06-2014,35.632797,-0.0125435,,,,,,,,,,,,,,,,,,,,
30-06-2014,35.168961,0.013188789,,,,,,,,,,,,,,,,,,,,
01-07-2014,35.312325,-0.004059886,,,,,,,,,,,,,,,,,,,,
02-07-2014,35.337627,-0.000716007,,,,,,,,,,,,,,,,,,,,
03-07-2014,35.253288,0.002392373,,,,,,,,,,,,,,,,,,,,
07-07-2014,35.413532,-0.004524937,,,,,,,,,,,,,,,,,,,,
08-07-2014,35.236427,0.005026191,,,,,,,,,,,,,,,,,,,,
09-07-2014,35.143646,0.00264005,,,,,,,,,,,,,,,,,,,,
10-07-2014,35.160515,-0.000479771,,,,,,,,,,,,,,,,,,,,
11-07-2014,35.497879,-0.009503779,,,,,,,,,,,,,,,,,,,,
14-07-2014,35.540051,-0.001186605,,,,,,,,,,,,,,,,,,,,
15-07-2014,35.801491,-0.007302489,,,,,,,,,,,,,,,,,,,,
16-07-2014,37.176189,-0.036977916,,,,,,,,,,,,,,,,,,,,
17-07-2014,37.555725,-0.010105943,,,,,,,,,,,,,,,,,,,,
18-07-2014,37.690659,-0.003580038,,,,,,,,,,,,,,,,,,,,
21-07-2014,37.817173,-0.003345411,,,,,,,,,,,,,,,,,,,,
22-07-2014,37.808735,0.000223176,,,,,,,,,,,,,,,,,,,,
23-07-2014,37.842464,-0.0008913,,,,,,,,,,,,,,,,,,,,
24-07-2014,37.446083,0.01058538,,,,,,,,,,,,,,,,,,,,
25-07-2014,37.530418,-0.002247111,,,,,,,,,,,,,,,,,,,,
28-07-2014,37.083435,0.012053441,,,,,,,,,,,,,,,,,,,,
29-07-2014,37.015957,0.001822944,,,,,,,,,,,,,,,,,,,,
30-07-2014,36.754505,0.007113468,,,,,,,,,,,,,,,,,,,,
31-07-2014,36.40028,0.009731381,,,,,,,,,,,,,,,,,,,,
01-08-2014,36.14727,0.006999422,,,,,,,,,,,,,,,,,,,,
04-08-2014,36.5774,-0.011759447,,,,,,,,,,,,,,,,,,,,
05-08-2014,36.332829,0.006731405,,,,,,,,,,,,,,,,,,,,
06-08-2014,36.046074,0.007955235,,,,,,,,,,,,,,,,,,,,
07-08-2014,36.459312,-0.011334224,,,,,,,,,,,,,,,,,,,,
08-08-2014,36.434032,0.000693857,,,,,,,,,,,,,,,,,,,,
11-08-2014,36.434032,0,,,,,,,,,,,,,,,,,,,,
12-08-2014,36.703915,-0.007352976,,,,,,,,,,,,,,,,,,,,
13-08-2014,37.176189,-0.012703669,,,,,,,,,,,,,,,,,,,,
14-08-2014,37.336433,-0.004291894,,,,,,,,,,,,,,,,,,,,
15-08-2014,37.774998,-0.011609928,,,,,,,,,,,,,,,,,,,,
18-08-2014,38.044872,-0.007093571,,,,,,,,,,,,,,,,,,,,
19-08-2014,38.469193,-0.011030151,,,,,,,,,,,,,,,,,,,,
20-08-2014,38.146717,0.008453572,,,,,,,,,,,,,,,,,,,,
21-08-2014,38.375847,-0.005970683,,,,,,,,,,,,,,,,,,,,
22-08-2014,38.316433,0.001550614,,,,,,,,,,,,,,,,,,,,
25-08-2014,38.333416,-0.000443034,,,,,,,,,,,,,,,,,,,,
26-08-2014,38.197624,0.003554986,,,,,,,,,,,,,,,,,,,,
27-08-2014,38.078823,0.003119871,,,,,,,,,,,,,,,,,,,,
28-08-2014,38.087315,-0.000222961,,,,,,,,,,,,,,,,,,,,
29-08-2014,38.55407,-0.012106504,,,,,,,,,,,,,,,,,,,,
02-09-2014,38.265526,0.007540573,,,,,,,,,,,,,,,,,,,,
03-09-2014,38.155197,0.002891585,,,,,,,,,,,,,,,,,,,,
04-09-2014,38.40979,-0.006628336,,,,,,,,,,,,,,,,,,,,
05-09-2014,38.961414,-0.014158213,,,,,,,,,,,,,,,,,,,,
08-09-2014,39.436672,-0.012051169,,,,,,,,,,,,,,,,,,,,
09-09-2014,39.682777,-0.006201809,,,,,,,,,,,,,,,,,,,,
10-09-2014,39.75066,-0.00170772,,,,,,,,,,,,,,,,,,,,
11-09-2014,39.886436,-0.003404064,,,,,,,,,,,,,,,,,,,,
12-09-2014,39.631851,0.006423747,,,,,,,,,,,,,,,,,,,,
15-09-2014,39.241482,0.009947866,,,,,,,,,,,,,,,,,,,,
16-09-2014,39.682777,-0.011120567,,,,,,,,,,,,,,,,,,,,
17-09-2014,39.479099,0.005159135,,,,,,,,,,,,,,,,,,,,
18-09-2014,39.61488,-0.003427525,,,,,,,,,,,,,,,,,,,,
19-09-2014,40.327747,-0.017676837,,,,,,,,,,,,,,,,,,,,
22-09-2014,39.937359,0.009775008,,,,,,,,,,,,,,,,,,,,
23-09-2014,39.513039,0.010738734,,,,,,,,,,,,,,,,,,,,
24-09-2014,39.954342,-0.011045183,,,,,,,,,,,,,,,,,,,,
25-09-2014,39.071743,0.022589189,,,,,,,,,,,,,,,,,,,,
26-09-2014,39.385735,-0.007972226,,,,,,,,,,,,,,,,,,,,
29-09-2014,39.411198,-0.000646085,,,,,,,,,,,,,,,,,,,,
30-09-2014,39.343311,0.001725503,,,,,,,,,,,,,,,,,,,,
01-10-2014,38.95295,0.010021346,,,,,,,,,,,,,,,,,,,,
02-10-2014,38.834106,0.0030603,,,,,,,,,,,,,,,,,,,,
03-10-2014,39.114166,-0.007160066,,,,,,,,,,,,,,,,,,,,
06-10-2014,39.114166,0,,,,,,,,,,,,,,,,,,,,
07-10-2014,38.63895,0.012298885,,,,,,,,,,,,,,,,,,,,
08-10-2014,39.699745,-0.026720449,,,,,,,,,,,,,,,,,,,,
09-10-2014,38.910511,0.020283311,,,,,,,,,,,,,,,,,,,,
10-10-2014,37.365959,0.041335805,,,,,,,,,,,,,,,,,,,,
13-10-2014,37.043484,0.00870531,,,,,,,,,,,,,,,,,,,,
14-10-2014,37.111362,-0.001829036,,,,,,,,,,,,,,,,,,,,
15-10-2014,36.678547,0.011800222,,,,,,,,,,,,,,,,,,,,
16-10-2014,36.27121,0.011230312,,,,,,,,,,,,,,,,,,,,
17-10-2014,37.026501,-0.02039866,,,,,,,,,,,,,,,,,,,,
20-10-2014,37.408394,-0.010208752,,,,,,,,,,,,,,,,,,,,
21-10-2014,38.087315,-0.017825384,,,,,,,,,,,,,,,,,,,,
22-10-2014,37.662991,0.011266338,,,,,,,,,,,,,,,,,,,,
23-10-2014,38.206108,-0.01421545,,,,,,,,,,,,,,,,,,,,
24-10-2014,39.148121,-0.02406279,,,,,,,,,,,,,,,,,,,,
27-10-2014,38.961414,0.0047921,,,,,,,,,,,,,,,,,,,,
28-10-2014,39.453632,-0.01247586,,,,,,,,,,,,,,,,,,,,
29-10-2014,39.563957,-0.002788523,,,,,,,,,,,,,,,,,,,,
30-10-2014,39.080223,0.012377974,,,,,,,,,,,,,,,,,,,,
31-10-2014,39.843998,-0.019169136,,,,,,,,,,,,,,,,,,,,
03-11-2014,40.259846,-0.010329101,,,,,,,,,,,,,,,,,,,,
04-11-2014,40.370163,-0.002732637,,,,,,,,,,,,,,,,,,,,
05-11-2014,40.616291,-0.006059834,,,,,,,,,,,,,,,,,,,,
06-11-2014,41.329147,-0.017248263,,,,,,,,,,,,,,,,,,,,
07-11-2014,41.312168,0.000410993,,,,,,,,,,,,,,,,,,,,
10-11-2014,41.490398,-0.004295693,,,,,,,,,,,,,,,,,,,,
11-11-2014,41.473412,0.000409564,,,,,,,,,,,,,,,,,,,,
12-11-2014,41.397049,0.001844648,,,,,,,,,,,,,,,,,,,,
13-11-2014,42.101418,-0.016730292,,,,,,,,,,,,,,,,,,,,
14-11-2014,42.075966,0.000604906,,,,,,,,,,,,,,,,,,,,
17-11-2014,41.974117,0.002426472,,,,,,,,,,,,,,,,,,,,
18-11-2014,41.623985,0.008411785,,,,,,,,,,,,,,,,,,,,
19-11-2014,41.179905,0.010783901,,,,,,,,,,,,,,,,,,,,
20-11-2014,41.589817,-0.009856066,,,,,,,,,,,,,,,,,,,,
21-11-2014,40.974941,0.015006147,,,,,,,,,,,,,,,,,,,,
24-11-2014,40.64188,0.00819502,,,,,,,,,,,,,,,,,,,,
25-11-2014,40.539383,0.002528332,,,,,,,,,,,,,,,,,,,,
26-11-2014,40.778519,-0.005864264,,,,,,,,,,,,,,,,,,,,
28-11-2014,40.829762,-0.00125504,,,,,,,,,,,,,,,,,,,,
01-12-2014,41.521484,-0.016659376,,,,,,,,,,,,,,,,,,,,
02-12-2014,41.384857,0.003301377,,,,,,,,,,,,,,,,,,,,
03-12-2014,41.060341,0.007903393,,,,,,,,,,,,,,,,,,,,
04-12-2014,41.70937,-0.015560748,,,,,,,,,,,,,,,,,,,,
05-12-2014,41.350689,0.008674124,,,,,,,,,,,,,,,,,,,,
08-12-2014,40.735809,0.015094336,,,,,,,,,,,,,,,,,,,,
09-12-2014,40.64188,0.002311138,,,,,,,,,,,,,,,,,,,,
10-12-2014,40.05262,0.014712146,,,,,,,,,,,,,,,,,,,,
11-12-2014,40.283199,-0.00572395,,,,,,,,,,,,,,,,,,,,
12-12-2014,40.095322,0.004685759,,,,,,,,,,,,,,,,,,,,
15-12-2014,39.856201,0.005999593,,,,,,,,,,,,,,,,,,,,
16-12-2014,38.566647,0.033437027,,,,,,,,,,,,,,,,,,,,
17-12-2014,39.061974,-0.012680542,,,,,,,,,,,,,,,,,,,,
18-12-2014,40.582077,-0.037457496,,,,,,,,,,,,,,,,,,,,
19-12-2014,40.70166,-0.002938037,,,,,,,,,,,,,,,,,,,,
22-12-2014,40.974941,-0.006669467,,,,,,,,,,,,,,,,,,,,
23-12-2014,41.376308,-0.009700406,,,,,,,,,,,,,,,,,,,,
24-12-2014,41.11158,0.006439256,,,,,,,,,,,,,,,,,,,,
26-12-2014,40.889542,0.00543019,,,,,,,,,,,,,,,,,,,,
29-12-2014,40.522308,0.009062514,,,,,,,,,,,,,,,,,,,,
30-12-2014,40.155098,0.009144792,,,,,,,,,,,,,,,,,,,,
31-12-2014,39.668308,0.012271509,,,,,,,,,,,,,,,,,,,,
02-01-2015,39.933044,-0.006629497,,,,,,,,,,,,,,,,,,,,
05-01-2015,39.565834,0.009280987,,,,,,,,,,,,,,,,,,,,
06-01-2015,38.985119,0.014895812,,,,,,,,,,,,,,,,,,,,
07-01-2015,39.480438,-0.012545935,,,,,,,,,,,,,,,,,,,,
08-01-2015,40.64188,-0.028577467,,,,,,,,,,,,,,,,,,,,
09-01-2015,40.300282,0.008476318,,,,,,,,,,,,,,,,,,,,
12-01-2015,39.796413,0.012661166,,,,,,,,,,,,,,,,,,,,
13-01-2015,39.591461,0.005176672,,,,,,,,,,,,,,,,,,,,
14-01-2015,39.249855,0.00870337,,,,,,,,,,,,,,,,,,,,
15-01-2015,38.839931,0.01055419,,,,,,,,,,,,,,,,,,,,
16-01-2015,39.488991,-0.01643648,,,,,,,,,,,,,,,,,,,,
20-01-2015,39.617085,-0.003233302,,,,,,,,,,,,,,,,,,,,
21-01-2015,39.215698,0.010235365,,,,,,,,,,,,,,,,,,,,
22-01-2015,40.249046,-0.025673851,,,,,,,,,,,,,,,,,,,,
23-01-2015,40.291729,-0.001059349,,,,,,,,,,,,,,,,,,,,
26-01-2015,40.146557,0.003616051,,,,,,,,,,,,,,,,,,,,
27-01-2015,36.43166,0.101968919,,,,,,,,,,,,,,,,,,,,
28-01-2015,35.176273,0.03568846,,,,,,,,,,,,,,,,,,,,
29-01-2015,35.876549,-0.019519046,,,,,,,,,,,,,,,,,,,,
30-01-2015,34.501617,0.039851234,,,,,,,,,,,,,,,,,,,,
02-02-2015,35.253132,-0.02131768,,,,,,,,,,,,,,,,,,,,
03-02-2015,35.526413,-0.007692333,,,,,,,,,,,,,,,,,,,,
04-02-2015,35.731369,-0.005736024,,,,,,,,,,,,,,,,,,,,
05-02-2015,36.252316,-0.014370034,,,,,,,,,,,,,,,,,,,,
06-02-2015,36.218151,0.000943312,,,,,,,,,,,,,,,,,,,,
09-02-2015,36.175457,0.001180192,,,,,,,,,,,,,,,,,,,,
10-02-2015,36.380413,-0.005633691,,,,,,,,,,,,,,,,,,,,
11-02-2015,36.192543,0.005190848,,,,,,,,,,,,,,,,,,,,
12-02-2015,36.798878,-0.016476997,,,,,,,,,,,,,,,,,,,,
13-02-2015,37.464993,-0.017779664,,,,,,,,,,,,,,,,,,,,
17-02-2015,37.482197,-0.000458991,,,,,,,,,,,,,,,,,,,,
18-02-2015,37.439182,0.00114893,,,,,,,,,,,,,,,,,,,,
19-02-2015,37.413391,0.000689352,,,,,,,,,,,,,,,,,,,,
20-02-2015,37.723019,-0.008207933,,,,,,,,,,,,,,,,,,,,
23-02-2015,37.972431,-0.006568239,,,,,,,,,,,,,,,,,,,,
24-02-2015,37.920834,0.00136065,,,,,,,,,,,,,,,,,,,,
25-02-2015,37.834835,0.002273011,,,,,,,,,,,,,,,,,,,,
26-02-2015,37.895035,-0.001588599,,,,,,,,,,,,,,,,,,,,
27-02-2015,37.714409,0.00478931,,,,,,,,,,,,,,,,,,,,
02-03-2015,37.740227,-0.000684098,,,,,,,,,,,,,,,,,,,,
03-03-2015,37.224163,0.013863683,,,,,,,,,,,,,,,,,,,,
04-03-2015,37.034962,0.005108713,,,,,,,,,,,,,,,,,,,,
05-03-2015,37.077965,-0.001159799,,,,,,,,,,,,,,,,,,,,
06-03-2015,36.432903,0.017705479,,,,,,,,,,,,,,,,,,,,
09-03-2015,36.854336,-0.0114351,,,,,,,,,,,,,,,,,,,,
10-03-2015,36.149086,0.019509484,,,,,,,,,,,,,,,,,,,,
11-03-2015,36.106068,0.001191434,,,,,,,,,,,,,,,,,,,,
12-03-2015,35.280396,0.023403139,,,,,,,,,,,,,,,,,,,,
13-03-2015,35.590019,-0.008699714,,,,,,,,,,,,,,,,,,,,
16-03-2015,35.744846,-0.00433145,,,,,,,,,,,,,,,,,,,,
17-03-2015,35.865242,-0.003356899,,,,,,,,,,,,,,,,,,,,
18-03-2015,36.553326,-0.018824115,,,,,,,,,,,,,,,,,,,,
19-03-2015,36.372692,0.004966198,,,,,,,,,,,,,,,,,,,,
20-03-2015,36.880146,-0.013759544,,,,,,,,,,,,,,,,,,,,
23-03-2015,36.862934,0.000466919,,,,,,,,,,,,,,,,,,,,
24-03-2015,36.897343,-0.00093256,,,,,,,,,,,,,,,,,,,,
25-03-2015,35.658829,0.034732324,,,,,,,,,,,,,,,,,,,,
26-03-2015,35.443813,0.00606639,,,,,,,,,,,,,,,,,,,,
27-03-2015,35.237381,0.005858324,,,,,,,,,,,,,,,,,,,,
30-03-2015,35.228783,0.000244062,,,,,,,,,,,,,,,,,,,,
31-03-2015,34.970768,0.007378019,,,,,,,,,,,,,,,,,,,,
01-04-2015,35.022381,-0.001473715,,,,,,,,,,,,,,,,,,,,
02-04-2015,34.652534,0.010673015,,,,,,,,,,,,,,,,,,,,
06-04-2015,35.736244,-0.030325235,,,,,,,,,,,,,,,,,,,,
07-04-2015,35.719032,0.000481872,,,,,,,,,,,,,,,,,,,,
08-04-2015,35.624435,0.002655396,,,,,,,,,,,,,,,,,,,,
09-04-2015,35.676025,-0.001446069,,,,,,,,,,,,,,,,,,,,
10-04-2015,35.882465,-0.005753228,,,,,,,,,,,,,,,,,,,,
13-04-2015,35.916843,-0.000957155,,,,,,,,,,,,,,,,,,,,
14-04-2015,35.822239,0.002640929,,,,,,,,,,,,,,,,,,,,
15-04-2015,36.346893,-0.014434631,,,,,,,,,,,,,,,,,,,,
16-04-2015,36.260887,0.002371867,,,,,,,,,,,,,,,,,,,,
17-04-2015,35.796436,0.012974783,,,,,,,,,,,,,,,,,,,,
20-04-2015,36.905945,-0.030063151,,,,,,,,,,,,,,,,,,,,
21-04-2015,36.673721,0.006332164,,,,,,,,,,,,,,,,,,,,
22-04-2015,36.974758,-0.00814169,,,,,,,,,,,,,,,,,,,,
23-04-2015,37.275772,-0.008075326,,,,,,,,,,,,,,,,,,,,
24-04-2015,41.171932,-0.094631459,,,,,,,,,,,,,,,,,,,,
27-04-2015,41.309544,-0.00333124,,,,,,,,,,,,,,,,,,,,
28-04-2015,42.281437,-0.022986281,,,,,,,,,,,,,,,,,,,,
29-04-2015,42.195427,0.002038373,,,,,,,,,,,,,,,,,,,,
30-04-2015,41.834194,0.008634874,,,,,,,,,,,,,,,,,,,,
01-05-2015,41.851391,-0.000410906,,,,,,,,,,,,,,,,,,,,
04-05-2015,41.490158,0.008706474,,,,,,,,,,,,,,,,,,,,
05-05-2015,40.939709,0.013445357,,,,,,,,,,,,,,,,,,,,
06-05-2015,39.804409,0.028521966,,,,,,,,,,,,,,,,,,,,
07-05-2015,40.165646,-0.008993681,,,,,,,,,,,,,,,,,,,,
08-05-2015,41.068726,-0.021989482,,,,,,,,,,,,,,,,,,,,
11-05-2015,40.74189,0.008022112,,,,,,,,,,,,,,,,,,,,
12-05-2015,40.724689,0.000422373,,,,,,,,,,,,,,,,,,,,
13-05-2015,40.965527,-0.005879041,,,,,,,,,,,,,,,,,,,,
14-05-2015,41.903004,-0.022372549,,,,,,,,,,,,,,,,,,,,
15-05-2015,41.541763,0.008695851,,,,,,,,,,,,,,,,,,,,
18-05-2015,41.292328,0.006040711,,,,,,,,,,,,,,,,,,,,
19-05-2015,41.188461,0.00252175,,,,,,,,,,,,,,,,,,,,
20-05-2015,41.188461,0,,,,,,,,,,,,,,,,,,,,
21-05-2015,41.049934,0.003374597,,,,,,,,,,,,,,,,,,,,
22-05-2015,40.599812,0.0110868,,,,,,,,,,,,,,,,,,,,
26-05-2015,40.331444,0.006654064,,,,,,,,,,,,,,,,,,,,
27-05-2015,41.214436,-0.021424338,,,,,,,,,,,,,,,,,,,,
28-05-2015,41.075912,0.00337239,,,,,,,,,,,,,,,,,,,,
29-05-2015,40.565163,0.012590828,,,,,,,,,,,,,,,,,,,,
01-06-2015,40.885475,-0.007834371,,,,,,,,,,,,,,,,,,,,
02-06-2015,40.617123,0.006606869,,,,,,,,,,,,,,,,,,,,
03-06-2015,40.556526,0.001494137,,,,,,,,,,,,,,,,,,,,
04-06-2015,40.132351,0.010569403,,,,,,,,,,,,,,,,,,,,
05-06-2015,39.941898,0.004768251,,,,,,,,,,,,,,,,,,,,
08-06-2015,39.586979,0.008965549,,,,,,,,,,,,,,,,,,,,
09-06-2015,39.517735,0.001752226,,,,,,,,,,,,,,,,,,,,
10-06-2015,40.348755,-0.020595927,,,,,,,,,,,,,,,,,,,,
11-06-2015,40.201595,0.003660551,,,,,,,,,,,,,,,,,,,,
12-06-2015,39.794735,0.010223966,,,,,,,,,,,,,,,,,,,,
15-06-2015,39.370556,0.010774016,,,,,,,,,,,,,,,,,,,,
16-06-2015,39.673542,-0.007636979,,,,,,,,,,,,,,,,,,,,
17-06-2015,39.794735,-0.003045453,,,,,,,,,,,,,,,,,,,,
18-06-2015,40.443989,-0.016053164,,,,,,,,,,,,,,,,,,,,
19-06-2015,39.90728,0.0134489,,,,,,,,,,,,,,,,,,,,
22-06-2015,40.019814,-0.002811957,,,,,,,,,,,,,,,,,,,,
23-06-2015,39.742794,0.00697032,,,,,,,,,,,,,,,,,,,,
24-06-2015,39.509068,0.005915756,,,,,,,,,,,,,,,,,,,,
25-06-2015,39.517735,-0.000219319,,,,,,,,,,,,,,,,,,,,
26-06-2015,39.180107,0.008617332,,,,,,,,,,,,,,,,,,,,
29-06-2015,38.409657,0.020058758,,,,,,,,,,,,,,,,,,,,
30-06-2015,38.219208,0.00498307,,,,,,,,,,,,,,,,,,,,
01-07-2015,38.478912,-0.006749255,,,,,,,,,,,,,,,,,,,,
02-07-2015,38.435627,0.001126169,,,,,,,,,,,,,,,,,,,,
06-07-2015,38.426971,0.000225258,,,,,,,,,,,,,,,,,,,,
07-07-2015,38.349068,0.002031418,,,,,,,,,,,,,,,,,,,,
08-07-2015,38.297123,0.001356368,,,,,,,,,,,,,,,,,,,,
09-07-2015,38.539516,-0.006289467,,,,,,,,,,,,,,,,,,,,
10-07-2015,38.617424,-0.002017431,,,,,,,,,,,,,,,,,,,,
13-07-2015,39.422501,-0.020421764,,,,,,,,,,,,,,,,,,,,
14-07-2015,39.491756,-0.001753657,,,,,,,,,,,,,,,,,,,,
15-07-2015,39.612942,-0.003059253,,,,,,,,,,,,,,,,,,,,
16-07-2015,40.39204,-0.019288404,,,,,,,,,,,,,,,,,,,,
17-07-2015,40.357422,0.000857785,,,,,,,,,,,,,,,,,,,,
20-07-2015,40.617123,-0.00639388,,,,,,,,,,,,,,,,,,,,
21-07-2015,40.928757,-0.00761406,,,,,,,,,,,,,,,,,,,,
22-07-2015,39.422501,0.038208027,,,,,,,,,,,,,,,,,,,,
23-07-2015,39.915939,-0.012361929,,,,,,,,,,,,,,,,,,,,
24-07-2015,39.768764,0.003700769,,,,,,,,,,,,,,,,,,,,
27-07-2015,39.258015,0.013010057,,,,,,,,,,,,,,,,,,,,
28-07-2015,39.249371,0.000220233,,,,,,,,,,,,,,,,,,,,
29-07-2015,40.071747,-0.020522589,,,,,,,,,,,,,,,,,,,,
30-07-2015,40.5825,-0.012585548,,,,,,,,,,,,,,,,,,,,
31-07-2015,40.426682,0.003854336,,,,,,,,,,,,,,,,,,,,
03-08-2015,40.5219,-0.002349791,,,,,,,,,,,,,,,,,,,,
04-08-2015,41.153816,-0.015354979,,,,,,,,,,,,,,,,,,,,
05-08-2015,41.188461,-0.000841134,,,,,,,,,,,,,,,,,,,,
06-08-2015,40.357422,0.020591974,,,,,,,,,,,,,,,,,,,,
07-08-2015,40.461296,-0.002567244,,,,,,,,,,,,,,,,,,,,
10-08-2015,40.972054,-0.012466009,,,,,,,,,,,,,,,,,,,,
11-08-2015,40.175632,0.019823509,,,,,,,,,,,,,,,,,,,,
12-08-2015,40.461296,-0.007060179,,,,,,,,,,,,,,,,,,,,
13-08-2015,40.452641,0.000213954,,,,,,,,,,,,,,,,,,,,
14-08-2015,40.686363,-0.00574448,,,,,,,,,,,,,,,,,,,,
17-08-2015,40.963387,-0.006762722,,,,,,,,,,,,,,,,,,,,
18-08-2015,41.189949,-0.00550042,,,,,,,,,,,,,,,,,,,,
19-08-2015,40.614834,0.01416022,,,,,,,,,,,,,,,,,,,,
20-08-2015,39.787033,0.020805799,,,,,,,,,,,,,,,,,,,,
21-08-2015,37.53017,0.060134633,,,,,,,,,,,,,,,,,,,,
24-08-2015,36.318951,0.033349504,,,,,,,,,,,,,,,,,,,,
25-08-2015,35.264584,0.029898751,,,,,,,,,,,,,,,,,,,,
26-08-2015,37.216465,-0.052446706,,,,,,,,,,,,,,,,,,,,
27-08-2015,38.253418,-0.02710746,,,,,,,,,,,,,,,,,,,,
28-08-2015,38.279533,-0.000682218,,,,,,,,,,,,,,,,,,,,
31-08-2015,37.922283,0.009420583,,,,,,,,,,,,,,,,,,,,
01-09-2015,36.440941,0.040650487,,,,,,,,,,,,,,,,,,,,
02-09-2015,37.78286,-0.035516607,,,,,,,,,,,,,,,,,,,,
03-09-2015,37.904854,-0.003218427,,,,,,,,,,,,,,,,,,,,
04-09-2015,37.129341,0.020886797,,,,,,,,,,,,,,,,,,,,
08-09-2015,38.244698,-0.029163703,,,,,,,,,,,,,,,,,,,,
09-09-2015,37.53017,0.019038763,,,,,,,,,,,,,,,,,,,,
10-09-2015,37.721874,-0.005082038,,,,,,,,,,,,,,,,,,,,
11-09-2015,37.88744,-0.004369944,,,,,,,,,,,,,,,,,,,,
14-09-2015,37.504028,0.010223222,,,,,,,,,,,,,,,,,,,,
15-09-2015,38.323109,-0.021373031,,,,,,,,,,,,,,,,,,,,
16-09-2015,38.601959,-0.007223727,,,,,,,,,,,,,,,,,,,,
17-09-2015,38.55838,0.001130208,,,,,,,,,,,,,,,,,,,,
18-09-2015,37.88744,0.017708771,,,,,,,,,,,,,,,,,,,,
21-09-2015,38.43639,-0.014282038,,,,,,,,,,,,,,,,,,,,
22-09-2015,38.253418,0.004783154,,,,,,,,,,,,,,,,,,,,
23-09-2015,38.227264,0.000684171,,,,,,,,,,,,,,,,,,,,
24-09-2015,38.262119,-0.000910953,,,,,,,,,,,,,,,,,,,,
25-09-2015,38.28825,-0.000682481,,,,,,,,,,,,,,,,,,,,
28-09-2015,37.721874,0.015014524,,,,,,,,,,,,,,,,,,,,
29-09-2015,37.85257,-0.003452764,,,,,,,,,,,,,,,,,,,,
30-09-2015,38.567101,-0.018526956,,,,,,,,,,,,,,,,,,,,
01-10-2015,38.872082,-0.007845759,,,,,,,,,,,,,,,,,,,,
02-10-2015,39.708607,-0.021066591,,,,,,,,,,,,,,,,,,,,
05-10-2015,40.632259,-0.022731987,,,,,,,,,,,,,,,,,,,,
06-10-2015,40.736835,-0.002567112,,,,,,,,,,,,,,,,,,,,
07-10-2015,40.780396,-0.001068185,,,,,,,,,,,,,,,,,,,,
08-10-2015,41.34679,-0.013698621,,,,,,,,,,,,,,,,,,,,
09-10-2015,41.050518,0.007217254,,,,,,,,,,,,,,,,,,,,
12-10-2015,40.954681,0.002340074,,,,,,,,,,,,,,,,,,,,
13-10-2015,40.858818,0.002346201,,,,,,,,,,,,,,,,,,,,
14-10-2015,40.675823,0.004498864,,,,,,,,,,,,,,,,,,,,
15-10-2015,40.963375,-0.007019734,,,,,,,,,,,,,,,,,,,,
16-10-2015,41.399071,-0.010524294,,,,,,,,,,,,,,,,,,,,
19-10-2015,41.494919,-0.002309873,,,,,,,,,,,,,,,,,,,,
20-10-2015,41.625626,-0.003140061,,,,,,,,,,,,,,,,,,,,
21-10-2015,41.128952,0.012076019,,,,,,,,,,,,,,,,,,,,
22-10-2015,41.852188,-0.017280721,,,,,,,,,,,,,,,,,,,,
23-10-2015,46.069653,-0.091545404,,,,,,,,,,,,,,,,,,,,
26-10-2015,47.272148,-0.025437706,,,,,,,,,,,,,,,,,,,,
27-10-2015,46.784184,0.010430106,,,,,,,,,,,,,,,,,,,,
28-10-2015,47.036888,-0.005372464,,,,,,,,,,,,,,,,,,,,
29-10-2015,46.496624,0.011619424,,,,,,,,,,,,,,,,,,,,
30-10-2015,45.869236,0.013677751,,,,,,,,,,,,,,,,,,,,
02-11-2015,46.392048,-0.011269431,,,,,,,,,,,,,,,,,,,,
03-11-2015,47.185017,-0.016805525,,,,,,,,,,,,,,,,,,,,
04-11-2015,47.40287,-0.004595777,,,,,,,,,,,,,,,,,,,,
05-11-2015,47.385433,0.000367982,,,,,,,,,,,,,,,,,,,,
06-11-2015,47.855976,-0.009832482,,,,,,,,,,,,,,,,,,,,
09-11-2015,47.193722,0.014032672,,,,,,,,,,,,,,,,,,,,
10-11-2015,46.627331,0.012147189,,,,,,,,,,,,,,,,,,,,
11-11-2015,46.749321,-0.00260945,,,,,,,,,,,,,,,,,,,,
12-11-2015,46.461765,0.006189089,,,,,,,,,,,,,,,,,,,,
13-11-2015,46.043503,0.009084061,,,,,,,,,,,,,,,,,,,,
16-11-2015,46.853893,-0.017296108,,,,,,,,,,,,,,,,,,,,
17-11-2015,46.467899,0.008306681,,,,,,,,,,,,,,,,,,,,
18-11-2015,47.239868,-0.016341472,,,,,,,,,,,,,,,,,,,,
19-11-2015,47.318825,-0.001668617,,,,,,,,,,,,,,,,,,,,
20-11-2015,47.538147,-0.0046136,,,,,,,,,,,,,,,,,,,,
23-11-2015,47.538147,0,,,,,,,,,,,,,,,,,,,,
24-11-2015,47.590778,-0.001105908,,,,,,,,,,,,,,,,,,,,
25-11-2015,47.099522,0.01043017,,,,,,,,,,,,,,,,,,,,
27-11-2015,47.310059,-0.004450153,,,,,,,,,,,,,,,,,,,,
30-11-2015,47.678505,-0.007727717,,,,,,,,,,,,,,,,,,,,
01-12-2015,48.441715,-0.015755223,,,,,,,,,,,,,,,,,,,,
02-12-2015,48.432938,0.00018122,,,,,,,,,,,,,,,,,,,,
03-12-2015,47.546913,0.018634753,,,,,,,,,,,,,,,,,,,,
04-12-2015,49.047012,-0.030584921,,,,,,,,,,,,,,,,,,,,
07-12-2015,48.959297,0.00179159,,,,,,,,,,,,,,,,,,,,
08-12-2015,48.941738,0.000358774,,,,,,,,,,,,,,,,,,,,
09-12-2015,48.231174,0.014732463,,,,,,,,,,,,,,,,,,,,
10-12-2015,48.485569,-0.005246819,,,,,,,,,,,,,,,,,,,,
11-12-2015,47.424099,0.022382502,,,,,,,,,,,,,,,,,,,,
14-12-2015,48.371532,-0.019586582,,,,,,,,,,,,,,,,,,,,
15-12-2015,48.424175,-0.001087122,,,,,,,,,,,,,,,,,,,,
16-12-2015,49.240009,-0.016568518,,,,,,,,,,,,,,,,,,,,
17-12-2015,48.862793,0.007719903,,,,,,,,,,,,,,,,,,,,
18-12-2015,47.485504,0.029004409,,,,,,,,,,,,,,,,,,,,
21-12-2015,48.099579,-0.012766744,,,,,,,,,,,,,,,,,,,,
22-12-2015,48.555748,-0.009394748,,,,,,,,,,,,,,,,,,,,
23-12-2015,48.968056,-0.008419938,,,,,,,,,,,,,,,,,,,,
24-12-2015,48.836475,0.002694318,,,,,,,,,,,,,,,,,,,,
28-12-2015,49.082092,-0.005004208,,,,,,,,,,,,,,,,,,,,
29-12-2015,49.608459,-0.010610428,,,,,,,,,,,,,,,,,,,,
30-12-2015,49.397919,0.004262123,,,,,,,,,,,,,,,,,,,,
31-12-2015,48.6698,0.014960386,,,,,,,,,,,,,,,,,,,,
04-01-2016,48.073265,0.012408872,,,,,,,,,,,,,,,,,,,,
05-01-2016,48.292576,-0.004541298,,,,,,,,,,,,,,,,,,,,
06-01-2016,47.415333,0.018501251,,,,,,,,,,,,,,,,,,,,
07-01-2016,45.766102,0.036036082,,,,,,,,,,,,,,,,,,,,
08-01-2016,45.906456,-0.003057391,,,,,,,,,,,,,,,,,,,,
11-01-2016,45.880138,0.000573625,,,,,,,,,,,,,,,,,,,,
12-01-2016,46.301224,-0.00909449,,,,,,,,,,,,,,,,,,,,
13-01-2016,45.301167,0.022075745,,,,,,,,,,,,,,,,,,,,
14-01-2016,46.590721,-0.027678344,,,,,,,,,,,,,,,,,,,,
15-01-2016,44.730953,0.041576758,,,,,,,,,,,,,,,,,,,,
19-01-2016,44.353741,0.008504626,,,,,,,,,,,,,,,,,,,,
20-01-2016,44.555492,-0.004528084,,,,,,,,,,,,,,,,,,,,
21-01-2016,44.283554,0.006140835,,,,,,,,,,,,,,,,,,,,
22-01-2016,45.871376,-0.034614658,,,,,,,,,,,,,,,,,,,,
25-01-2016,45.432739,0.009654646,,,,,,,,,,,,,,,,,,,,
26-01-2016,45.766102,-0.007284059,,,,,,,,,,,,,,,,,,,,
27-01-2016,44.932728,0.018547149,,,,,,,,,,,,,,,,,,,,
28-01-2016,45.669609,-0.016135041,,,,,,,,,,,,,,,,,,,,
29-01-2016,48.327675,-0.055000908,,,,,,,,,,,,,,,,,,,,
01-02-2016,47.994312,0.006945886,,,,,,,,,,,,,,,,,,,,
02-02-2016,46.494217,0.03226412,,,,,,,,,,,,,,,,,,,,
03-02-2016,45.75732,0.016104462,,,,,,,,,,,,,,,,,,,,
04-02-2016,45.61697,0.003076706,,,,,,,,,,,,,,,,,,,,
05-02-2016,44.002823,0.036682806,,,,,,,,,,,,,,,,,,,,
08-02-2016,43.344883,0.015179185,,,,,,,,,,,,,,,,,,,,
09-02-2016,43.230846,0.002637862,,,,,,,,,,,,,,,,,,,,
10-02-2016,43.608074,-0.008650416,,,,,,,,,,,,,,,,,,,,
11-02-2016,43.590523,0.000402633,,,,,,,,,,,,,,,,,,,,
12-02-2016,44.301102,-0.016039759,,,,,,,,,,,,,,,,,,,,
16-02-2016,45.140461,-0.018594383,,,,,,,,,,,,,,,,,,,,
17-02-2016,46.315582,-0.025372044,,,,,,,,,,,,,,,,,,,,
18-02-2016,46.112362,0.004407061,,,,,,,,,,,,,,,,,,,,
19-02-2016,45.78545,0.007140085,,,,,,,,,,,,,,,,,,,,
22-02-2016,46.518803,-0.015764658,,,,,,,,,,,,,,,,,,,,
23-02-2016,45.21999,0.028722098,,,,,,,,,,,,,,,,,,,,
24-02-2016,45.379017,-0.003504417,,,,,,,,,,,,,,,,,,,,
25-02-2016,46.032852,-0.01420366,,,,,,,,,,,,,,,,,,,,
26-02-2016,45.326004,0.015594757,,,,,,,,,,,,,,,,,,,,
29-02-2016,44.954918,0.008254625,,,,,,,,,,,,,,,,,,,,
01-03-2016,46.456947,-0.032331634,,,,,,,,,,,,,,,,,,,,
02-03-2016,46.783859,-0.006987709,,,,,,,,,,,,,,,,,,,,
03-03-2016,46.253738,0.011461149,,,,,,,,,,,,,,,,,,,,
04-03-2016,45.970985,0.006150684,,,,,,,,,,,,,,,,,,,,
07-03-2016,45.087452,0.019595984,,,,,,,,,,,,,,,,,,,,
08-03-2016,45.63525,-0.012003835,,,,,,,,,,,,,,,,,,,,
09-03-2016,46.686665,-0.022520671,,,,,,,,,,,,,,,,,,,,
10-03-2016,45.988682,0.015177278,,,,,,,,,,,,,,,,,,,,
11-03-2016,46.889889,-0.019219645,,,,,,,,,,,,,,,,,,,,
14-03-2016,46.978249,-0.00188087,,,,,,,,,,,,,,,,,,,,
15-03-2016,47.349335,-0.007837196,,,,,,,,,,,,,,,,,,,,
16-03-2016,48.020824,-0.013983288,,,,,,,,,,,,,,,,,,,,
17-03-2016,48.294739,-0.005671736,,,,,,,,,,,,,,,,,,,,
18-03-2016,47.260975,0.021873522,,,,,,,,,,,,,,,,,,,,
21-03-2016,47.587906,-0.006870044,,,,,,,,,,,,,,,,,,,,
22-03-2016,47.77343,-0.003883414,,,,,,,,,,,,,,,,,,,,
23-03-2016,47.685081,0.00185276,,,,,,,,,,,,,,,,,,,,
24-03-2016,47.897137,-0.004427321,,,,,,,,,,,,,,,,,,,,
28-03-2016,47.305157,0.012514069,,,,,,,,,,,,,,,,,,,,
29-03-2016,48.338917,-0.021385667,,,,,,,,,,,,,,,,,,,,
30-03-2016,48.639313,-0.006175992,,,,,,,,,,,,,,,,,,,,
31-03-2016,48.798347,-0.003259004,,,,,,,,,,,,,,,,,,,,
01-04-2016,49.098751,-0.006118363,,,,,,,,,,,,,,,,,,,,
04-04-2016,48.975067,0.002525448,,,,,,,,,,,,,,,,,,,,
05-04-2016,48.206375,0.015945858,,,,,,,,,,,,,,,,,,,,
06-04-2016,48.701168,-0.010159777,,,,,,,,,,,,,,,,,,,,
07-04-2016,48.118015,0.012119224,,,,,,,,,,,,,,,,,,,,
08-04-2016,48.082676,0.000734963,,,,,,,,,,,,,,,,,,,,
11-04-2016,47.985489,0.002025341,,,,,,,,,,,,,,,,,,,,
12-04-2016,48.285904,-0.006221588,,,,,,,,,,,,,,,,,,,,
13-04-2016,48.904381,-0.012646658,,,,,,,,,,,,,,,,,,,,
14-04-2016,48.913223,-0.000180769,,,,,,,,,,,,,,,,,,,,
15-04-2016,49.169449,-0.005211081,,,,,,,,,,,,,,,,,,,,
18-04-2016,49.885113,-0.014346244,,,,,,,,,,,,,,,,,,,,
19-04-2016,49.823265,0.001241348,,,,,,,,,,,,,,,,,,,,
20-04-2016,49.116428,0.014391051,,,,,,,,,,,,,,,,,,,,
21-04-2016,49.284306,-0.003406318,,,,,,,,,,,,,,,,,,,,
22-04-2016,45.750114,0.077249906,,,,,,,,,,,,,,,,,,,,
25-04-2016,46.041683,-0.006332718,,,,,,,,,,,,,,,,,,,,
26-04-2016,45.449707,0.013024858,,,,,,,,,,,,,,,,,,,,
27-04-2016,45.007927,0.009815604,,,,,,,,,,,,,,,,,,,,
28-04-2016,44.089046,0.020841481,,,,,,,,,,,,,,,,,,,,
29-04-2016,44.062542,0.000601509,,,,,,,,,,,,,,,,,,,,
02-05-2016,44.716354,-0.014621317,,,,,,,,,,,,,,,,,,,,
03-05-2016,43.983013,0.016673278,,,,,,,,,,,,,,,,,,,,
04-05-2016,44.062542,-0.001804912,,,,,,,,,,,,,,,,,,,,
05-05-2016,44.124374,-0.001401312,,,,,,,,,,,,,,,,,,,,
06-05-2016,44.521976,-0.008930466,,,,,,,,,,,,,,,,,,,,
09-05-2016,44.239239,0.006391091,,,,,,,,,,,,,,,,,,,,
10-05-2016,45.078621,-0.018620401,,,,,,,,,,,,,,,,,,,,
11-05-2016,45.105114,-0.000587361,,,,,,,,,,,,,,,,,,,,
12-05-2016,45.511562,-0.008930654,,,,,,,,,,,,,,,,,,,,
13-05-2016,45.131626,0.008418398,,,,,,,,,,,,,,,,,,,,
16-05-2016,45.794292,-0.014470493,,,,,,,,,,,,,,,,,,,,
17-05-2016,44.940155,0.019006098,,,,,,,,,,,,,,,,,,,,
18-05-2016,45.207081,-0.005904517,,,,,,,,,,,,,,,,,,,,
19-05-2016,44.771103,0.009737933,,,,,,,,,,,,,,,,,,,,
20-05-2016,45.038029,-0.00592668,,,,,,,,,,,,,,,,,,,,
23-05-2016,44.513073,0.011793299,,,,,,,,,,,,,,,,,,,,
24-05-2016,45.901054,-0.030238543,,,,,,,,,,,,,,,,,,,,
25-05-2016,46.372612,-0.01016889,,,,,,,,,,,,,,,,,,,,
26-05-2016,46.167976,0.004432423,,,,,,,,,,,,,,,,,,,,
27-05-2016,46.550564,-0.008218762,,,,,,,,,,,,,,,,,,,,
31-05-2016,47.155567,-0.012829938,,,,,,,,,,,,,,,,,,,,
01-06-2016,47.022114,0.00283809,,,,,,,,,,,,,,,,,,,,
02-06-2016,46.692917,0.007050256,,,,,,,,,,,,,,,,,,,,
03-06-2016,46.079006,0.013323009,,,,,,,,,,,,,,,,,,,,
06-06-2016,46.381519,-0.006522275,,,,,,,,,,,,,,,,,,,,
07-06-2016,46.354824,0.000575884,,,,,,,,,,,,,,,,,,,,
08-06-2016,46.30143,0.001153183,,,,,,,,,,,,,,,,,,,,
09-06-2016,45.927757,0.008136104,,,,,,,,,,,,,,,,,,,,
10-06-2016,45.803185,0.002719724,,,,,,,,,,,,,,,,,,,,
13-06-2016,44.610954,0.026725073,,,,,,,,,,,,,,,,,,,,
14-06-2016,44.33514,0.006221115,,,,,,,,,,,,,,,,,,,,
15-06-2016,44.210567,0.00281772,,,,,,,,,,,,,,,,,,,,
16-06-2016,44.833378,-0.013891681,,,,,,,,,,,,,,,,,,,,
17-06-2016,44.602058,0.005186308,,,,,,,,,,,,,,,,,,,,
20-06-2016,44.548668,0.001198465,,,,,,,,,,,,,,,,,,,,
21-06-2016,45.545158,-0.021879164,,,,,,,,,,,,,,,,,,,,
22-06-2016,45.367218,0.003922215,,,,,,,,,,,,,,,,,,,,
23-06-2016,46.185768,-0.017722992,,,,,,,,,,,,,,,,,,,,
24-06-2016,44.33514,0.041741788,,,,,,,,,,,,,,,,,,,,
27-06-2016,43.08952,0.028907725,,,,,,,,,,,,,,,,,,,,
28-06-2016,43.988144,-0.020428777,,,,,,,,,,,,,,,,,,,,
29-06-2016,44.966862,-0.021765317,,,,,,,,,,,,,,,,,,,,
30-06-2016,45.52737,-0.012311451,,,,,,,,,,,,,,,,,,,,
01-07-2016,45.518478,0.000195349,,,,,,,,,,,,,,,,,,,,
05-07-2016,45.52737,-0.000195311,,,,,,,,,,,,,,,,,,,,
06-07-2016,45.714211,-0.004087154,,,,,,,,,,,,,,,,,,,,
07-07-2016,45.714211,0,,,,,,,,,,,,,,,,,,,,
08-07-2016,46.532761,-0.017590832,,,,,,,,,,,,,,,,,,,,
11-07-2016,46.790791,-0.005514547,,,,,,,,,,,,,,,,,,,,
12-07-2016,47.34243,-0.011652106,,,,,,,,,,,,,,,,,,,,
13-07-2016,47.609333,-0.005606107,,,,,,,,,,,,,,,,,,,,
14-07-2016,47.81398,-0.004280066,,,,,,,,,,,,,,,,,,,,
15-07-2016,47.778389,0.000744918,,,,,,,,,,,,,,,,,,,,
18-07-2016,48.00972,-0.00481842,,,,,,,,,,,,,,,,,,,,
19-07-2016,47.235653,0.016387346,,,,,,,,,,,,,,,,,,,,
20-07-2016,49.744678,-0.050438059,,,,,,,,,,,,,,,,,,,,
21-07-2016,49.646801,0.001971466,,,,,,,,,,,,,,,,,,,,
22-07-2016,50.331902,-0.013611665,,,,,,,,,,,,,,,,,,,,
25-07-2016,50.474262,-0.002820447,,,,,,,,,,,,,,,,,,,,
26-07-2016,50.500954,-0.000528544,,,,,,,,,,,,,,,,,,,,
27-07-2016,49.993813,0.010144075,,,,,,,,,,,,,,,,,,,,
28-07-2016,50.0116,-0.000355657,,,,,,,,,,,,,,,,,,,,
29-07-2016,50.429768,-0.008292087,,,,,,,,,,,,,,,,,,,,
01-08-2016,50.340805,0.001767214,,,,,,,,,,,,,,,,,,,,
02-08-2016,50.340805,0,,,,,,,,,,,,,,,,,,,,
03-08-2016,50.687798,-0.006845691,,,,,,,,,,,,,,,,,,,,
04-08-2016,51.061478,-0.007318237,,,,,,,,,,,,,,,,,,,,
05-08-2016,51.56863,-0.009834506,,,,,,,,,,,,,,,,,,,,
08-08-2016,51.657589,-0.00172209,,,,,,,,,,,,,,,,,,,,
09-08-2016,51.782166,-0.00240579,,,,,,,,,,,,,,,,,,,,
10-08-2016,51.622002,0.003102631,,,,,,,,,,,,,,,,,,,,
11-08-2016,51.871128,-0.004802787,,,,,,,,,,,,,,,,,,,,
12-08-2016,51.550831,0.006213227,,,,,,,,,,,,,,,,,,,,
15-08-2016,51.710968,-0.00309677,,,,,,,,,,,,,,,,,,,,
16-08-2016,51.424488,0.005570887,,,,,,,,,,,,,,,,,,,,
17-08-2016,51.531921,-0.002084785,,,,,,,,,,,,,,,,,,,,
18-08-2016,51.567741,-0.00069462,,,,,,,,,,,,,,,,,,,,
19-08-2016,51.58564,-0.000346976,,,,,,,,,,,,,,,,,,,,
22-08-2016,51.630398,-0.000866892,,,,,,,,,,,,,,,,,,,,
23-08-2016,51.827374,-0.003800617,,,,,,,,,,,,,,,,,,,,
24-08-2016,51.881088,-0.001035329,,,,,,,,,,,,,,,,,,,,
25-08-2016,52.078041,-0.003781882,,,,,,,,,,,,,,,,,,,,
26-08-2016,51.952705,0.002412502,,,,,,,,,,,,,,,,,,,,
29-08-2016,52.015381,-0.001204951,,,,,,,,,,,,,,,,,,,,
30-08-2016,51.827374,0.003627562,,,,,,,,,,,,,,,,,,,,
31-08-2016,51.442387,0.007483848,,,,,,,,,,,,,,,,,,,,
01-09-2016,51.558781,-0.002257501,,,,,,,,,,,,,,,,,,,,
02-09-2016,51.630398,-0.001387109,,,,,,,,,,,,,,,,,,,,
06-09-2016,51.576679,0.001041537,,,,,,,,,,,,,,,,,,,,
07-09-2016,51.621456,-0.000867411,,,,,,,,,,,,,,,,,,,,
08-09-2016,51.415535,0.004005035,,,,,,,,,,,,,,,,,,,,
09-09-2016,50.323303,0.021704299,,,,,,,,,,,,,,,,,,,,
12-09-2016,51.075333,-0.014723937,,,,,,,,,,,,,,,,,,,,
13-09-2016,50.609783,0.009198814,,,,,,,,,,,,,,,,,,,,
14-09-2016,50.368061,0.004799113,,,,,,,,,,,,,,,,,,,,
15-09-2016,51.20068,-0.016261874,,,,,,,,,,,,,,,,,,,,
16-09-2016,51.254395,-0.001048008,,,,,,,,,,,,,,,,,,,,
19-09-2016,50.967896,0.005621166,,,,,,,,,,,,,,,,,,,,
20-09-2016,50.860474,0.002112092,,,,,,,,,,,,,,,,,,,,
21-09-2016,51.710964,-0.016446996,,,,,,,,,,,,,,,,,,,,
22-09-2016,51.76469,-0.001037889,,,,,,,,,,,,,,,,,,,,
23-09-2016,51.415535,0.006790846,,,,,,,,,,,,,,,,,,,,
26-09-2016,50.94104,0.009314592,,,,,,,,,,,,,,,,,,,,
27-09-2016,51.881088,-0.018119281,,,,,,,,,,,,,,,,,,,,
28-09-2016,51.952705,-0.001378504,,,,,,,,,,,,,,,,,,,,
29-09-2016,51.388664,0.010975981,,,,,,,,,,,,,,,,,,,,
30-09-2016,51.567741,-0.003472656,,,,,,,,,,,,,,,,,,,,
03-10-2016,51.406586,0.00313491,,,,,,,,,,,,,,,,,,,,
04-10-2016,51.245441,0.003144572,,,,,,,,,,,,,,,,,,,,
05-10-2016,51.603542,-0.006939466,,,,,,,,,,,,,,,,,,,,
06-10-2016,51.693073,-0.001731973,,,,,,,,,,,,,,,,,,,,
07-10-2016,51.746784,-0.001037958,,,,,,,,,,,,,,,,,,,,
10-10-2016,51.961651,-0.004135107,,,,,,,,,,,,,,,,,,,,
11-10-2016,51.20068,0.014862517,,,,,,,,,,,,,,,,,,,,
12-10-2016,51.129044,0.001401082,,,,,,,,,,,,,,,,,,,,
13-10-2016,50.958939,0.00333808,,,,,,,,,,,,,,,,,,,,
14-10-2016,51.406586,-0.00870797,,,,,,,,,,,,,,,,,,,,
17-10-2016,51.227531,0.003495289,,,,,,,,,,,,,,,,,,,,
18-10-2016,51.621456,-0.007631032,,,,,,,,,,,,,,,,,,,,
19-10-2016,51.50507,0.0022597,,,,,,,,,,,,,,,,,,,,
20-10-2016,51.254395,0.0048908,,,,,,,,,,,,,,,,,,,,
21-10-2016,53.411999,-0.040395492,,,,,,,,,,,,,,,,,,,,
24-10-2016,54.611668,-0.021967265,,,,,,,,,,,,,,,,,,,,
25-10-2016,54.602711,0.000164039,,,,,,,,,,,,,,,,,,,,
26-10-2016,54.280415,0.005937611,,,,,,,,,,,,,,,,,,,,
27-10-2016,53.805927,0.008818508,,,,,,,,,,,,,,,,,,,,
28-10-2016,53.600006,0.003841809,,,,,,,,,,,,,,,,,,,,
31-10-2016,53.64476,-0.000834266,,,,,,,,,,,,,,,,,,,,
01-11-2016,53.537338,0.002006488,,,,,,,,,,,,,,,,,,,,
02-11-2016,53.206089,0.006225772,,,,,,,,,,,,,,,,,,,,
03-11-2016,53.009121,0.003715738,,,,,,,,,,,,,,,,,,,,
04-11-2016,52.561481,0.008516503,,,,,,,,,,,,,,,,,,,,
07-11-2016,54.092411,-0.028302122,,,,,,,,,,,,,,,,,,,,
08-11-2016,54.137169,-0.000826752,,,,,,,,,,,,,,,,,,,,
09-11-2016,53.868587,0.004985874,,,,,,,,,,,,,,,,,,,,
10-11-2016,52.552547,0.025042364,,,,,,,,,,,,,,,,,,,,
11-11-2016,52.839027,-0.00542175,,,,,,,,,,,,,,,,,,,,
14-11-2016,52.033268,0.015485458,,,,,,,,,,,,,,,,,,,,
15-11-2016,53.060787,-0.019364941,,,,,,,,,,,,,,,,,,,,
16-11-2016,53.763821,-0.01307634,,,,,,,,,,,,,,,,,,,,
17-11-2016,54.656128,-0.016325836,,,,,,,,,,,,,,,,,,,,
18-11-2016,54.394741,0.004805373,,,,,,,,,,,,,,,,,,,,
21-11-2016,54.854416,-0.008379909,,,,,,,,,,,,,,,,,,,,
22-11-2016,55.088753,-0.004253808,,,,,,,,,,,,,,,,,,,,
23-11-2016,54.439812,0.011920339,,,,,,,,,,,,,,,,,,,,
25-11-2016,54.55698,-0.002147626,,,,,,,,,,,,,,,,,,,,
28-11-2016,54.629086,-0.00131992,,,,,,,,,,,,,,,,,,,,
29-11-2016,55.061714,-0.007857147,,,,,,,,,,,,,,,,,,,,
30-11-2016,54.313614,0.013773711,,,,,,,,,,,,,,,,,,,,
01-12-2016,53.358223,0.017905225,,,,,,,,,,,,,,,,,,,,
02-12-2016,53.403294,-0.000843974,,,,,,,,,,,,,,,,,,,,
05-12-2016,54.277573,-0.016107555,,,,,,,,,,,,,,,,,,,,
06-12-2016,54.034214,0.004503795,,,,,,,,,,,,,,,,,,,,
07-12-2016,55.314091,-0.023138354,,,,,,,,,,,,,,,,,,,,
08-12-2016,54.989605,0.005900861,,,,,,,,,,,,,,,,,,,,
09-12-2016,55.854877,-0.015491431,,,,,,,,,,,,,,,,,,,,
12-12-2016,56.035141,-0.003216981,,,,,,,,,,,,,,,,,,,,
13-12-2016,56.765217,-0.012861327,,,,,,,,,,,,,,,,,,,,
14-12-2016,56.494816,0.004786298,,,,,,,,,,,,,,,,,,,,
15-12-2016,56.404678,0.001598059,,,,,,,,,,,,,,,,,,,,
16-12-2016,56.152321,0.004494151,,,,,,,,,,,,,,,,,,,,
19-12-2016,57.342056,-0.020748035,,,,,,,,,,,,,,,,,,,,
20-12-2016,57.269951,0.001259037,,,,,,,,,,,,,,,,,,,,
21-12-2016,57.269951,0,,,,,,,,,,,,,,,,,,,,
22-12-2016,57.278965,-0.00015737,,,,,,,,,,,,,,,,,,,,
23-12-2016,56.999554,0.004901986,,,,,,,,,,,,,,,,,,,,
27-12-2016,57.035599,-0.000631974,,,,,,,,,,,,,,,,,,,,
28-12-2016,56.774235,0.004603567,,,,,,,,,,,,,,,,,,,,
29-12-2016,56.693108,0.001430985,,,,,,,,,,,,,,,,,,,,
30-12-2016,56.008106,0.012230408,,,,,,,,,,,,,,,,,,,,
03-01-2017,56.404678,-0.007030835,,,,,,,,,,,,,,,,,,,,
04-01-2017,56.152321,0.004494151,,,,,,,,,,,,,,,,,,,,
05-01-2017,56.152321,0,,,,,,,,,,,,,,,,,,,,
06-01-2017,56.63903,-0.008593173,,,,,,,,,,,,,,,,,,,,
09-01-2017,56.458775,0.003192684,,,,,,,,,,,,,,,,,,,,
10-01-2017,56.440735,0.000319627,,,,,,,,,,,,,,,,,,,,
11-01-2017,56.954475,-0.009020187,,,,,,,,,,,,,,,,,,,,
12-01-2017,56.431725,0.009263406,,,,,,,,,,,,,,,,,,,,
13-01-2017,56.512836,-0.001435267,,,,,,,,,,,,,,,,,,,,
17-01-2017,56.359615,0.002718631,,,,,,,,,,,,,,,,,,,,
18-01-2017,56.332569,0.000480113,,,,,,,,,,,,,,,,,,,,
19-01-2017,56.152321,0.003209983,,,,,,,,,,,,,,,,,,,,
20-01-2017,56.548889,-0.007012835,,,,,,,,,,,,,,,,,,,,
23-01-2017,56.747189,-0.003494446,,,,,,,,,,,,,,,,,,,,
24-01-2017,57.251934,-0.008816209,,,,,,,,,,,,,,,,,,,,
25-01-2017,57.396141,-0.002512486,,,,,,,,,,,,,,,,,,,,
26-01-2017,57.927914,-0.009179909,,,,,,,,,,,,,,,,,,,,
27-01-2017,59.288914,-0.022955388,,,,,,,,,,,,,,,,,,,,
30-01-2017,58.703056,0.009980026,,,,,,,,,,,,,,,,,,,,
31-01-2017,58.270428,0.007424486,,,,,,,,,,,,,,,,,,,,
01-02-2017,57.305996,0.016829513,,,,,,,,,,,,,,,,,,,,
02-02-2017,56.936462,0.006490287,,,,,,,,,,,,,,,,,,,,
03-02-2017,57.396141,-0.008008883,,,,,,,,,,,,,,,,,,,,
06-02-2017,57.360092,0.000628468,,,,,,,,,,,,,,,,,,,,
07-02-2017,57.170795,0.003311079,,,,,,,,,,,,,,,,,,,,
08-02-2017,57.089684,0.001420765,,,,,,,,,,,,,,,,,,,,
09-02-2017,57.738636,-0.011239476,,,,,,,,,,,,,,,,,,,,
10-02-2017,57.684559,0.000937461,,,,,,,,,,,,,,,,,,,,
13-02-2017,58.333515,-0.011124925,,,,,,,,,,,,,,,,,,,,
14-02-2017,58.551136,-0.003716768,,,,,,,,,,,,,,,,,,,,
15-02-2017,58.514858,0.000619979,,,,,,,,,,,,,,,,,,,,
16-02-2017,58.505802,0.000154788,,,,,,,,,,,,,,,,,,,,
17-02-2017,58.596489,-0.001547652,,,,,,,,,,,,,,,,,,,,
21-02-2017,58.4786,0.002015934,,,,,,,,,,,,,,,,,,,,
22-02-2017,58.360722,0.002019817,,,,,,,,,,,,,,,,,,,,
23-02-2017,58.596489,-0.004023569,,,,,,,,,,,,,,,,,,,,
24-02-2017,58.596489,0,,,,,,,,,,,,,,,,,,,,
27-02-2017,58.242825,0.006072233,,,,,,,,,,,,,,,,,,,,
28-02-2017,58.016136,0.003907344,,,,,,,,,,,,,,,,,,,,
01-03-2017,58.886654,-0.014782942,,,,,,,,,,,,,,,,,,,,
02-03-2017,58.043335,0.014529127,,,,,,,,,,,,,,,,,,,,
03-03-2017,58.260963,-0.0037354,,,,,,,,,,,,,,,,,,,,
06-03-2017,58.279102,-0.000311244,,,,,,,,,,,,,,,,,,,,
07-03-2017,58.396999,-0.002018888,,,,,,,,,,,,,,,,,,,,
08-03-2017,58.931995,-0.009078193,,,,,,,,,,,,,,,,,,,,
09-03-2017,58.696228,0.004016732,,,,,,,,,,,,,,,,,,,,
10-03-2017,58.877571,-0.003080001,,,,,,,,,,,,,,,,,,,,
13-03-2017,58.678082,0.003399719,,,,,,,,,,,,,,,,,,,,
14-03-2017,58.406063,0.004657376,,,,,,,,,,,,,,,,,,,,
15-03-2017,58.714363,-0.005250845,,,,,,,,,,,,,,,,,,,,
16-03-2017,58.614605,0.001701931,,,,,,,,,,,,,,,,,,,,
17-03-2017,58.823181,-0.003545813,,,,,,,,,,,,,,,,,,,,
20-03-2017,58.877571,-0.000923781,,,,,,,,,,,,,,,,,,,,
21-03-2017,58.224689,0.011213147,,,,,,,,,,,,,,,,,,,,
22-03-2017,58.968262,-0.012609715,,,,,,,,,,,,,,,,,,,,
23-03-2017,58.823181,0.002466392,,,,,,,,,,,,,,,,,,,,
24-03-2017,58.92292,-0.001692703,,,,,,,,,,,,,,,,,,,,
27-03-2017,59.031746,-0.001843517,,,,,,,,,,,,,,,,,,,,
28-03-2017,59.204029,-0.002909988,,,,,,,,,,,,,,,,,,,,
29-03-2017,59.367252,-0.002749378,,,,,,,,,,,,,,,,,,,,
30-03-2017,59.584881,-0.00365242,,,,,,,,,,,,,,,,,,,,
31-03-2017,59.720894,-0.002277478,,,,,,,,,,,,,,,,,,,,
03-04-2017,59.439781,0.004729375,,,,,,,,,,,,,,,,,,,,
04-04-2017,59.60302,-0.002738771,,,,,,,,,,,,,,,,,,,,
05-04-2017,59.448841,0.002593474,,,,,,,,,,,,,,,,,,,,
06-04-2017,59.60302,-0.002586765,,,,,,,,,,,,,,,,,,,,
07-04-2017,59.557663,0.000761564,,,,,,,,,,,,,,,,,,,,
10-04-2017,59.421654,0.002288879,,,,,,,,,,,,,,,,,,,,
11-04-2017,59.376312,0.000763638,,,,,,,,,,,,,,,,,,,,
12-04-2017,59.149624,0.00383245,,,,,,,,,,,,,,,,,,,,
13-04-2017,58.895718,0.004311111,,,,,,,,,,,,,,,,,,,,
17-04-2017,59.376312,-0.008094036,,,,,,,,,,,,,,,,,,,,
18-04-2017,59.294724,0.001375974,,,,,,,,,,,,,,,,,,,,
19-04-2017,58.977333,0.005381576,,,,,,,,,,,,,,,,,,,,
20-04-2017,59.394451,-0.007022845,,,,,,,,,,,,,,,,,,,,
21-04-2017,60.21056,-0.01355425,,,,,,,,,,,,,,,,,,,,
24-04-2017,61.235233,-0.016733389,,,,,,,,,,,,,,,,,,,,
25-04-2017,61.588886,-0.005742156,,,,,,,,,,,,,,,,,,,,
26-04-2017,61.507271,0.001326916,,,,,,,,,,,,,,,,,,,,
27-04-2017,61.906239,-0.006444714,,,,,,,,,,,,,,,,,,,,
28-04-2017,62.078545,-0.002775613,,,,,,,,,,,,,,,,,,,,
01-05-2017,62.939968,-0.013686423,,,,,,,,,,,,,,,,,,,,
02-05-2017,62.840237,0.001587056,,,,,,,,,,,,,,,,,,,,
03-05-2017,62.640743,0.003184732,,,,,,,,,,,,,,,,,,,,
04-05-2017,62.395931,0.003923525,,,,,,,,,,,,,,,,,,,,
05-05-2017,62.56818,-0.002752981,,,,,,,,,,,,,,,,,,,,
08-05-2017,62.513802,0.000869856,,,,,,,,,,,,,,,,,,,,
09-05-2017,62.604454,-0.001448012,,,,,,,,,,,,,,,,,,,,
10-05-2017,62.849297,-0.003895716,,,,,,,,,,,,,,,,,,,,
11-05-2017,62.078545,0.012415755,,,,,,,,,,,,,,,,,,,,
12-05-2017,62.00597,0.001170452,,,,,,,,,,,,,,,,,,,,
15-05-2017,62.051338,-0.000731137,,,,,,,,,,,,,,,,,,,,
16-05-2017,63.300747,-0.019737666,,,,,,,,,,,,,,,,,,,,
17-05-2017,61.540634,0.028600827,,,,,,,,,,,,,,,,,,,,
18-05-2017,61.750381,-0.003396692,,,,,,,,,,,,,,,,,,,,
19-05-2017,61.732143,0.000295438,,,,,,,,,,,,,,,,,,,,
22-05-2017,62.42524,-0.011102833,,,,,,,,,,,,,,,,,,,,
23-05-2017,62.634991,-0.003348783,,,,,,,,,,,,,,,,,,,,
24-05-2017,62.717079,-0.001308862,,,,,,,,,,,,,,,,,,,,
25-05-2017,63.492283,-0.012209421,,,,,,,,,,,,,,,,,,,,
26-05-2017,63.802319,-0.004859322,,,,,,,,,,,,,,,,,,,,
30-05-2017,64.212738,-0.006391551,,,,,,,,,,,,,,,,,,,,
31-05-2017,63.692905,0.008161553,,,,,,,,,,,,,,,,,,,,
01-06-2017,63.930038,-0.003709258,,,,,,,,,,,,,,,,,,,,
02-06-2017,65.443924,-0.023132568,,,,,,,,,,,,,,,,,,,,
05-06-2017,65.918121,-0.007193728,,,,,,,,,,,,,,,,,,,,
06-06-2017,66.137016,-0.00330972,,,,,,,,,,,,,,,,,,,,
07-06-2017,66.01844,0.001796104,,,,,,,,,,,,,,,,,,,,
08-06-2017,65.617188,0.006115044,,,,,,,,,,,,,,,,,,,,
09-06-2017,64.130653,0.023179789,,,,,,,,,,,,,,,,,,,,
12-06-2017,63.638187,0.00773853,,,,,,,,,,,,,,,,,,,,
13-06-2017,64.431602,-0.012314066,,,,,,,,,,,,,,,,,,,,
14-06-2017,64.08506,0.005407532,,,,,,,,,,,,,,,,,,,,
15-06-2017,63.747623,0.005293327,,,,,,,,,,,,,,,,,,,,
16-06-2017,63.838806,-0.001428332,,,,,,,,,,,,,,,,,,,,
19-06-2017,64.632256,-0.012276378,,,,,,,,,,,,,,,,,,,,
20-06-2017,63.756748,0.013732005,,,,,,,,,,,,,,,,,,,,
21-06-2017,64.08506,-0.005123066,,,,,,,,,,,,,,,,,,,,
22-06-2017,64.075935,0.000142409,,,,,,,,,,,,,,,,,,,,
23-06-2017,64.942314,-0.013340747,,,,,,,,,,,,,,,,,,,,
26-06-2017,64.322166,0.00964128,,,,,,,,,,,,,,,,,,,,
27-06-2017,63.118347,0.01907241,,,,,,,,,,,,,,,,,,,,
28-06-2017,63.656437,-0.008453034,,,,,,,,,,,,,,,,,,,,
29-06-2017,62.461739,0.019126877,,,,,,,,,,,,,,,,,,,,
30-06-2017,62.863007,-0.006383214,,,,,,,,,,,,,,,,,,,,
03-07-2017,62.169891,0.011148741,,,,,,,,,,,,,,,,,,,,
05-07-2017,62.999809,-0.013173342,,,,,,,,,,,,,,,,,,,,
06-07-2017,62.534702,0.007437582,,,,,,,,,,,,,,,,,,,,
07-07-2017,63.34634,-0.012812706,,,,,,,,,,,,,,,,,,,,
10-07-2017,63.820587,-0.007430941,,,,,,,,,,,,,,,,,,,,
11-07-2017,63.829727,-0.000143193,,,,,,,,,,,,,,,,,,,,
12-07-2017,64.887611,-0.016303328,,,,,,,,,,,,,,,,,,,,
13-07-2017,65.453033,-0.008638591,,,,,,,,,,,,,,,,,,,,
14-07-2017,66.374123,-0.013877246,,,,,,,,,,,,,,,,,,,,
17-07-2017,66.893967,-0.007771164,,,,,,,,,,,,,,,,,,,,
18-07-2017,66.848381,0.000681931,,,,,,,,,,,,,,,,,,,,
19-07-2017,67.359077,-0.007581695,,,,,,,,,,,,,,,,,,,,
20-07-2017,67.687401,-0.004850593,,,,,,,,,,,,,,,,,,,,
21-07-2017,67.295242,0.00582744,,,,,,,,,,,,,,,,,,,,
24-07-2017,67.121964,0.002581539,,,,,,,,,,,,,,,,,,,,
25-07-2017,67.660034,-0.007952553,,,,,,,,,,,,,,,,,,,,
26-07-2017,67.532349,0.001890724,,,,,,,,,,,,,,,,,,,,
27-07-2017,66.720695,0.012164951,,,,,,,,,,,,,,,,,,,,
28-07-2017,66.611252,0.001643011,,,,,,,,,,,,,,,,,,,,
31-07-2017,66.301178,0.004676749,,,,,,,,,,,,,,,,,,,,
01-08-2017,66.191727,0.001653545,,,,,,,,,,,,,,,,,,,,
02-08-2017,65.899902,0.004428307,,,,,,,,,,,,,,,,,,,,
03-08-2017,65.799583,0.001524615,,,,,,,,,,,,,,,,,,,,
04-08-2017,66.282951,-0.007292494,,,,,,,,,,,,,,,,,,,,
07-08-2017,66.02758,0.003867641,,,,,,,,,,,,,,,,,,,,
08-08-2017,66.383263,-0.005358022,,,,,,,,,,,,,,,,,,,,
09-08-2017,66.091408,0.00441593,,,,,,,,,,,,,,,,,,,,
10-08-2017,65.12471,0.014843797,,,,,,,,,,,,,,,,,,,,
11-08-2017,66.118767,-0.015034415,,,,,,,,,,,,,,,,,,,,
14-08-2017,67.112846,-0.014812053,,,,,,,,,,,,,,,,,,,,
15-08-2017,67.131187,-0.000273211,,,,,,,,,,,,,,,,,,,,
16-08-2017,67.525414,-0.005838202,,,,,,,,,,,,,,,,,,,,
17-08-2017,66.379364,0.017265155,,,,,,,,,,,,,,,,,,,,
18-08-2017,66.461891,-0.001241719,,,,,,,,,,,,,,,,,,,,
21-08-2017,66.150146,0.004712688,,,,,,,,,,,,,,,,,,,,
22-08-2017,67.07618,-0.013805706,,,,,,,,,,,,,,,,,,,,
23-08-2017,66.67276,0.006050747,,,,,,,,,,,,,,,,,,,,
24-08-2017,66.645256,0.000412693,,,,,,,,,,,,,,,,,,,,
25-08-2017,66.764427,-0.001784948,,,,,,,,,,,,,,,,,,,,
28-08-2017,66.77359,-0.000137225,,,,,,,,,,,,,,,,,,,,
29-08-2017,66.975304,-0.003011767,,,,,,,,,,,,,,,,,,,,
30-08-2017,67.855461,-0.012971056,,,,,,,,,,,,,,,,,,,,
31-08-2017,68.552292,-0.010164956,,,,,,,,,,,,,,,,,,,,
01-09-2017,67.791306,0.011225422,,,,,,,,,,,,,,,,,,,,
05-09-2017,67.488708,0.004483683,,,,,,,,,,,,,,,,,,,,
06-09-2017,67.296196,0.002860667,,,,,,,,,,,,,,,,,,,,
07-09-2017,68.158028,-0.012644615,,,,,,,,,,,,,,,,,,,,
08-09-2017,67.827988,0.004865838,,,,,,,,,,,,,,,,,,,,
11-09-2017,68.543129,-0.010433445,,,,,,,,,,,,,,,,,,,,
12-09-2017,68.46978,0.001071261,,,,,,,,,,,,,,,,,,,,
13-09-2017,68.955704,-0.007046901,,,,,,,,,,,,,,,,,,,,
14-09-2017,68.552292,0.005884734,,,,,,,,,,,,,,,,,,,,
15-09-2017,69.047371,-0.007170135,,,,,,,,,,,,,,,,,,,,
18-09-2017,68.909828,0.001995985,,,,,,,,,,,,,,,,,,,,
19-09-2017,69.16655,-0.00371165,,,,,,,,,,,,,,,,,,,,
20-09-2017,68.708153,0.006671654,,,,,,,,,,,,,,,,,,,,
21-09-2017,68.038849,0.009837086,,,,,,,,,,,,,,,,,,,,
22-09-2017,68.222206,-0.002687644,,,,,,,,,,,,,,,,,,,,
25-09-2017,67.167862,0.01569715,,,,,,,,,,,,,,,,,,,,
26-09-2017,67.167862,0,,,,,,,,,,,,,,,,,,,,
27-09-2017,67.708809,-0.007989315,,,,,,,,,,,,,,,,,,,,
28-09-2017,67.727127,-0.000270468,,,,,,,,,,,,,,,,,,,,
29-09-2017,68.295555,-0.00832306,,,,,,,,,,,,,,,,,,,,
02-10-2017,68.405594,-0.001608626,,,,,,,,,,,,,,,,,,,,
03-10-2017,68.084709,0.004713026,,,,,,,,,,,,,,,,,,,,
04-10-2017,68.478928,-0.005756793,,,,,,,,,,,,,,,,,,,,
05-10-2017,69.652489,-0.016848802,,,,,,,,,,,,,,,,,,,,
06-10-2017,69.679993,-0.000394719,,,,,,,,,,,,,,,,,,,,
09-10-2017,69.945885,-0.003801396,,,,,,,,,,,,,,,,,,,,
10-10-2017,69.945885,0,,,,,,,,,,,,,,,,,,,,
11-10-2017,70.065071,-0.001701076,,,,,,,,,,,,,,,,,,,,
12-10-2017,70.706848,-0.009076589,,,,,,,,,,,,,,,,,,,,
13-10-2017,71.046097,-0.004775055,,,,,,,,,,,,,,,,,,,,
16-10-2017,71.192787,-0.002060462,,,,,,,,,,,,,,,,,,,,
17-10-2017,71.137787,0.000773147,,,,,,,,,,,,,,,,,,,,
18-10-2017,71.15612,-0.000257645,,,,,,,,,,,,,,,,,,,,
19-10-2017,71.431175,-0.00385063,,,,,,,,,,,,,,,,,,,,
20-10-2017,72.25634,-0.011419967,,,,,,,,,,,,,,,,,,,,
23-10-2017,72.274681,-0.000253768,,,,,,,,,,,,,,,,,,,,
24-10-2017,72.30217,-0.000380196,,,,,,,,,,,,,,,,,,,,
25-10-2017,72.091293,0.002925138,,,,,,,,,,,,,,,,,,,,
26-10-2017,72.210472,-0.001650439,,,,,,,,,,,,,,,,,,,,
27-10-2017,76.840553,-0.060255696,,,,,,,,,,,,,,,,,,,,
30-10-2017,76.913895,-0.00095356,,,,,,,,,,,,,,,,,,,,
31-10-2017,76.262924,0.008535878,,,,,,,,,,,,,,,,,,,,
01-11-2017,76.262924,0,,,,,,,,,,,,,,,,,,,,
02-11-2017,77.060585,-0.010351089,,,,,,,,,,,,,,,,,,,,
03-11-2017,77.143089,-0.001069493,,,,,,,,,,,,,,,,,,,,
06-11-2017,77.445641,-0.003906637,,,,,,,,,,,,,,,,,,,,
07-11-2017,77.262253,0.002373578,,,,,,,,,,,,,,,,,,,,
08-11-2017,77.528183,-0.003430107,,,,,,,,,,,,,,,,,,,,
09-11-2017,77.097252,0.005589447,,,,,,,,,,,,,,,,,,,,
10-11-2017,76.895561,0.002622921,,,,,,,,,,,,,,,,,,,,
13-11-2017,76.950569,-0.000714849,,,,,,,,,,,,,,,,,,,,
14-11-2017,77.060585,-0.001427656,,,,,,,,,,,,,,,,,,,,
15-11-2017,76.461632,0.00783338,,,,,,,,,,,,,,,,,,,,
16-11-2017,76.664368,-0.002644462,,,,,,,,,,,,,,,,,,,,
17-11-2017,75.927208,0.009708773,,,,,,,,,,,,,,,,,,,,
20-11-2017,76.046982,-0.001575,,,,,,,,,,,,,,,,,,,,
21-11-2017,77.143471,-0.014213633,,,,,,,,,,,,,,,,,,,,
22-11-2017,76.581429,0.007339142,,,,,,,,,,,,,,,,,,,,
24-11-2017,76.719643,-0.001801546,,,,,,,,,,,,,,,,,,,,
27-11-2017,77.281731,-0.007273233,,,,,,,,,,,,,,,,,,,,
28-11-2017,78.212372,-0.011898898,,,,,,,,,,,,,,,,,,,,
29-11-2017,76.793343,0.018478542,,,,,,,,,,,,,,,,,,,,
30-11-2017,77.558167,-0.009861295,,,,,,,,,,,,,,,,,,,,
01-12-2017,77.641098,-0.001068133,,,,,,,,,,,,,,,,,,,,
04-12-2017,74.710892,0.0392206,,,,,,,,,,,,,,,,,,,,
05-12-2017,75.18084,-0.006250901,,,,,,,,,,,,,,,,,,,,
06-12-2017,76.277367,-0.014375522,,,,,,,,,,,,,,,,,,,,
07-12-2017,76.010132,0.003515781,,,,,,,,,,,,,,,,,,,,
08-12-2017,77.548943,-0.019843094,,,,,,,,,,,,,,,,,,,,
11-12-2017,78.534882,-0.012554154,,,,,,,,,,,,,,,,,,,,
12-12-2017,78.857399,-0.004089876,,,,,,,,,,,,,,,,,,,,
13-12-2017,78.645477,0.00269465,,,,,,,,,,,,,,,,,,,,
14-12-2017,78.037315,0.00779322,,,,,,,,,,,,,,,,,,,,
15-12-2017,80.027626,-0.024870299,,,,,,,,,,,,,,,,,,,,
18-12-2017,79.594528,0.005441304,,,,,,,,,,,,,,,,,,,,
19-12-2017,79.087761,0.006407654,,,,,,,,,,,,,,,,,,,,
20-12-2017,78.802116,0.003624839,,,,,,,,,,,,,,,,,,,,
21-12-2017,78.783676,0.000234059,,,,,,,,,,,,,,,,,,,,
22-12-2017,78.792915,-0.000117257,,,,,,,,,,,,,,,,,,,,
26-12-2017,78.691551,0.001288118,,,,,,,,,,,,,,,,,,,,
27-12-2017,78.977188,-0.003616703,,,,,,,,,,,,,,,,,,,,
28-12-2017,78.986412,-0.00011678,,,,,,,,,,,,,,,,,,,,
29-12-2017,78.820541,0.002104413,,,,,,,,,,,,,,,,,,,,
02-01-2018,79.198318,-0.004770013,,,,,,,,,,,,,,,,,,,,
03-01-2018,79.56691,-0.004632479,,,,,,,,,,,,,,,,,,,,
04-01-2018,80.267212,-0.008724633,,,,,,,,,,,,,,,,,,,,
05-01-2018,81.26236,-0.012246112,,,,,,,,,,,,,,,,,,,,
08-01-2018,81.345299,-0.001019592,,,,,,,,,,,,,,,,,,,,
09-01-2018,81.290009,0.000680157,,,,,,,,,,,,,,,,,,,,
10-01-2018,80.921432,0.004554751,,,,,,,,,,,,,,,,,,,,
11-01-2018,81.161026,-0.002952082,,,,,,,,,,,,,,,,,,,,
12-01-2018,82.561592,-0.016963893,,,,,,,,,,,,,,,,,,,,
16-01-2018,81.409798,0.0141481,,,,,,,,,,,,,,,,,,,,
17-01-2018,83.059204,-0.019858197,,,,,,,,,,,,,,,,,,,,
18-01-2018,83.022346,0.000443953,,,,,,,,,,,,,,,,,,,,
19-01-2018,82.930176,0.001111417,,,,,,,,,,,,,,,,,,,,
22-01-2018,84.413719,-0.017574667,,,,,,,,,,,,,,,,,,,,
23-01-2018,84.680969,-0.003155963,,,,,,,,,,,,,,,,,,,,
24-01-2018,84.607224,0.000871616,,,,,,,,,,,,,,,,,,,,
25-01-2018,85.077171,-0.005523773,,,,,,,,,,,,,,,,,,,,
26-01-2018,86.671249,-0.018392235,,,,,,,,,,,,,,,,,,,,
29-01-2018,86.542267,0.001490393,,,,,,,,,,,,,,,,,,,,
30-01-2018,85.454941,0.012723969,,,,,,,,,,,,,,,,,,,,
31-01-2018,87.546638,-0.023892374,,,,,,,,,,,,,,,,,,,,
01-02-2018,86.855537,0.007956902,,,,,,,,,,,,,,,,,,,,
02-02-2018,84.570358,0.02702104,,,,,,,,,,,,,,,,,,,,
05-02-2018,81.087288,0.042954575,,,,,,,,,,,,,,,,,,,,
06-02-2018,84.155731,-0.036461486,,,,,,,,,,,,,,,,,,,,
07-02-2018,82.570831,0.01919443,,,,,,,,,,,,,,,,,,,,
08-02-2018,78.332191,0.054111087,,,,,,,,,,,,,,,,,,,,
09-02-2018,81.253174,-0.035949156,,,,,,,,,,,,,,,,,,,,
12-02-2018,82.128532,-0.010658391,,,,,,,,,,,,,,,,,,,,
13-02-2018,82.773529,-0.00779231,,,,,,,,,,,,,,,,,,,,
14-02-2018,84.069618,-0.015416854,,,,,,,,,,,,,,,,,,,,
15-02-2018,85.782318,-0.019965653,,,,,,,,,,,,,,,,,,,,
16-02-2018,85.171295,0.007174048,,,,,,,,,,,,,,,,,,,,
20-02-2018,85.837891,-0.007765755,,,,,,,,,,,,,,,,,,,,
21-02-2018,84.699173,0.013444263,,,,,,,,,,,,,,,,,,,,
22-02-2018,84.921371,-0.002616515,,,,,,,,,,,,,,,,,,,,
23-02-2018,87.078384,-0.024770935,,,,,,,,,,,,,,,,,,,,
26-02-2018,88.33744,-0.014252802,,,,,,,,,,,,,,,,,,,,
27-02-2018,87.208023,0.012950838,,,,,,,,,,,,,,,,,,,,
28-02-2018,86.809929,0.004585812,,,,,,,,,,,,,,,,,,,,
01-03-2018,85.958221,0.009908395,,,,,,,,,,,,,,,,,,,,
02-03-2018,86.143356,-0.00214915,,,,,,,,,,,,,,,,,,,,
05-03-2018,86.68959,-0.006301033,,,,,,,,,,,,,,,,,,,,
06-03-2018,86.393341,0.003429072,,,,,,,,,,,,,,,,,,,,
07-03-2018,86.893227,-0.005752876,,,,,,,,,,,,,,,,,,,,
08-03-2018,87.420944,-0.006036505,,,,,,,,,,,,,,,,,,,,
09-03-2018,89.374329,-0.02185622,,,,,,,,,,,,,,,,,,,,
12-03-2018,89.587234,-0.00237651,,,,,,,,,,,,,,,,,,,,
13-03-2018,87.40242,0.02499718,,,,,,,,,,,,,,,,,,,,
14-03-2018,86.883995,0.005966864,,,,,,,,,,,,,,,,,,,,
15-03-2018,87.189507,-0.003504,,,,,,,,,,,,,,,,,,,,
16-03-2018,87.578323,-0.004439637,,,,,,,,,,,,,,,,,,,,
19-03-2018,85.995247,0.018408878,,,,,,,,,,,,,,,,,,,,
20-03-2018,86.217415,-0.002576834,,,,,,,,,,,,,,,,,,,,
21-03-2018,85.615685,0.007028268,,,,,,,,,,,,,,,,,,,,
22-03-2018,83.125336,0.029958965,,,,,,,,,,,,,,,,,,,,
23-03-2018,80.709076,0.029937897,,,,,,,,,,,,,,,,,,,,
26-03-2018,86.819176,-0.070377309,,,,,,,,,,,,,,,,,,,,
27-03-2018,82.829071,0.048172761,,,,,,,,,,,,,,,,,,,,
28-03-2018,82.75502,0.000894822,,,,,,,,,,,,,,,,,,,,
29-03-2018,84.495468,-0.020598122,,,,,,,,,,,,,,,,,,,,
02-04-2018,81.949608,0.031066164,,,,,,,,,,,,,,,,,,,,
03-04-2018,83.051285,-0.013265021,,,,,,,,,,,,,,,,,,,,
04-04-2018,85.47683,-0.028376637,,,,,,,,,,,,,,,,,,,,
05-04-2018,85.523109,-0.000541129,,,,,,,,,,,,,,,,,,,,
06-04-2018,83.532684,0.023828098,,,,,,,,,,,,,,,,,,,,
09-04-2018,84.0326,-0.005949072,,,,,,,,,,,,,,,,,,,,
10-04-2018,85.985977,-0.02271739,,,,,,,,,,,,,,,,,,,,
11-04-2018,85.041695,0.011103753,,,,,,,,,,,,,,,,,,,,
12-04-2018,86.634033,-0.018380052,,,,,,,,,,,,,,,,,,,,
13-04-2018,86.17112,0.00537202,,,,,,,,,,,,,,,,,,,,
16-04-2018,87.180222,-0.011574896,,,,,,,,,,,,,,,,,,,,
17-04-2018,88.939232,-0.019777661,,,,,,,,,,,,,,,,,,,,
18-04-2018,89.281746,-0.003836327,,,,,,,,,,,,,,,,,,,,
19-04-2018,88.976273,0.003433196,,,,,,,,,,,,,,,,,,,,
20-04-2018,87.948624,0.011684651,,,,,,,,,,,,,,,,,,,,
23-04-2018,88.272636,-0.003670583,,,,,,,,,,,,,,,,,,,,
24-04-2018,86.208168,0.023947476,,,,,,,,,,,,,,,,,,,,
25-04-2018,85.458313,0.008774512,,,,,,,,,,,,,,,,,,,,
26-04-2018,87.263542,-0.020687093,,,,,,,,,,,,,,,,,,,,
27-04-2018,88.707756,-0.016280583,,,,,,,,,,,,,,,,,,,,
30-04-2018,86.578484,0.024593547,,,,,,,,,,,,,,,,,,,,
01-05-2018,87.948624,-0.015578868,,,,,,,,,,,,,,,,,,,,
02-05-2018,86.569214,0.015934186,,,,,,,,,,,,,,,,,,,,
03-05-2018,87.087654,-0.005953083,,,,,,,,,,,,,,,,,,,,
04-05-2018,88.096733,-0.011454216,,,,,,,,,,,,,,,,,,,,
07-05-2018,89.078079,-0.011016695,,,,,,,,,,,,,,,,,,,,
08-05-2018,88.698517,0.004279237,,,,,,,,,,,,,,,,,,,,
09-05-2018,89.744637,-0.01165663,,,,,,,,,,,,,,,,,,,,
10-05-2018,90.642616,-0.009906808,,,,,,,,,,,,,,,,,,,,
11-05-2018,90.448235,0.002149086,,,,,,,,,,,,,,,,,,,,
14-05-2018,90.753723,-0.003366121,,,,,,,,,,,,,,,,,,,,
15-05-2018,90.096413,0.007295629,,,,,,,,,,,,,,,,,,,,
16-05-2018,90.328888,-0.002573651,,,,,,,,,,,,,,,,,,,,
17-05-2018,89.426994,0.010085255,,,,,,,,,,,,,,,,,,,,
18-05-2018,89.594345,-0.001867875,,,,,,,,,,,,,,,,,,,,
21-05-2018,90.747269,-0.012704779,,,,,,,,,,,,,,,,,,,,
22-05-2018,90.654297,0.001025566,,,,,,,,,,,,,,,,,,,,
23-05-2018,91.732826,-0.011757285,,,,,,,,,,,,,,,,,,,,
24-05-2018,91.407425,0.003559897,,,,,,,,,,,,,,,,,,,,
25-05-2018,91.453911,-0.0005083,,,,,,,,,,,,,,,,,,,,
29-05-2018,91.128471,0.003571222,,,,,,,,,,,,,,,,,,,,
30-05-2018,92.002487,-0.009499917,,,,,,,,,,,,,,,,,,,,
31-05-2018,91.900215,0.001112859,,,,,,,,,,,,,,,,,,,,
01-06-2018,93.713295,-0.019347095,,,,,,,,,,,,,,,,,,,,
04-06-2018,94.531487,-0.008655233,,,,,,,,,,,,,,,,,,,,
05-06-2018,95.015015,-0.005088964,,,,,,,,,,,,,,,,,,,,
06-06-2018,95.293938,-0.002926975,,,,,,,,,,,,,,,,,,,,
07-06-2018,93.796989,0.015959457,,,,,,,,,,,,,,,,,,,,
08-06-2018,94.494324,-0.00737965,,,,,,,,,,,,,,,,,,,,
11-06-2018,93.955055,0.005739649,,,,,,,,,,,,,,,,,,,,
12-06-2018,94.1968,-0.002566382,,,,,,,,,,,,,,,,,,,,
13-06-2018,93.769066,0.004561568,,,,,,,,,,,,,,,,,,,,
14-06-2018,94.299057,-0.005620321,,,,,,,,,,,,,,,,,,,,
15-06-2018,93.09967,0.012882828,,,,,,,,,,,,,,,,,,,,
18-06-2018,93.778397,-0.007237562,,,,,,,,,,,,,,,,,,,,
19-06-2018,93.778397,0,,,,,,,,,,,,,,,,,,,,
20-06-2018,94.717484,-0.009914611,,,,,,,,,,,,,,,,,,,,
21-06-2018,94.038727,0.007217845,,,,,,,,,,,,,,,,,,,,
22-06-2018,93.360001,0.007269987,,,,,,,,,,,,,,,,,,,,
25-06-2018,91.481812,0.020530737,,,,,,,,,,,,,,,,,,,,
26-06-2018,92.123375,-0.006964172,,,,,,,,,,,,,,,,,,,,
27-06-2018,90.691498,0.015788437,,,,,,,,,,,,,,,,,,,,
28-06-2018,91.704956,-0.011051289,,,,,,,,,,,,,,,,,,,,
29-06-2018,91.686371,0.000202702,,,,,,,,,,,,,,,,,,,,
02-07-2018,92.988052,-0.013998368,,,,,,,,,,,,,,,,,,,,
03-07-2018,92.095482,0.009691789,,,,,,,,,,,,,,,,,,,,
05-07-2018,92.755615,-0.007116906,,,,,,,,,,,,,,,,,,,,
06-07-2018,94.05732,-0.013839486,,,,,,,,,,,,,,,,,,,,
09-07-2018,94.698875,-0.006774684,,,,,,,,,,,,,,,,,,,,
10-07-2018,94.949921,-0.002643983,,,,,,,,,,,,,,,,,,,,
11-07-2018,94.819733,0.001373005,,,,,,,,,,,,,,,,,,,,
12-07-2018,96.874573,-0.021211345,,,,,,,,,,,,,,,,,,,,
13-07-2018,98.027512,-0.011761382,,,,,,,,,,,,,,,,,,,,
16-07-2018,97.544022,0.004956634,,,,,,,,,,,,,,,,,,,,
17-07-2018,98.510994,-0.009815879,,,,,,,,,,,,,,,,,,,,
18-07-2018,97.739273,0.00789571,,,,,,,,,,,,,,,,,,,,
19-07-2018,97.069847,0.006896333,,,,,,,,,,,,,,,,,,,,
20-07-2018,98.808525,-0.017596437,,,,,,,,,,,,,,,,,,,,
23-07-2018,100.389183,-0.015745302,,,,,,,,,,,,,,,,,,,,
24-07-2018,100.100945,0.002879473,,,,,,,,,,,,,,,,,,,,
25-07-2018,103.04837,-0.028602345,,,,,,,,,,,,,,,,,,,,
26-07-2018,101.923325,0.01103815,,,,,,,,,,,,,,,,,,,,
27-07-2018,100.119537,0.018016344,,,,,,,,,,,,,,,,,,,,
30-07-2018,97.971725,0.021922774,,,,,,,,,,,,,,,,,,,,
31-07-2018,98.631882,-0.00669314,,,,,,,,,,,,,,,,,,,,
01-08-2018,98.817833,-0.001881755,,,,,,,,,,,,,,,,,,,,
02-08-2018,100.017273,-0.011992329,,,,,,,,,,,,,,,,,,,,
03-08-2018,100.454277,-0.004350278,,,,,,,,,,,,,,,,,,,,
06-08-2018,100.537941,-0.000832163,,,,,,,,,,,,,,,,,,,,
07-08-2018,101.235275,-0.006888251,,,,,,,,,,,,,,,,,,,,
08-08-2018,101.802467,-0.005571496,,,,,,,,,,,,,,,,,,,,
09-08-2018,101.969826,-0.00164126,,,,,,,,,,,,,,,,,,,,
10-08-2018,101.346855,0.00614692,,,,,,,,,,,,,,,,,,,,
13-08-2018,100.612312,0.007300727,,,,,,,,,,,,,,,,,,,,
14-08-2018,101.867538,-0.012322139,,,,,,,,,,,,,,,,,,,,
15-08-2018,100.486168,0.013746867,,,,,,,,,,,,,,,,,,,,
16-08-2018,100.467499,0.000185821,,,,,,,,,,,,,,,,,,,,
17-08-2018,100.41153,0.000557396,,,,,,,,,,,,,,,,,,,,
20-08-2018,99.748802,0.00664397,,,,,,,,,,,,,,,,,,,,
21-08-2018,98.918106,0.008397815,,,,,,,,,,,,,,,,,,,,
22-08-2018,99.92614,-0.010087791,,,,,,,,,,,,,,,,,,,,
23-08-2018,100.392822,-0.004648559,,,,,,,,,,,,,,,,,,,,
24-08-2018,101.176842,-0.007749006,,,,,,,,,,,,,,,,,,,,
27-08-2018,102.296883,-0.010948926,,,,,,,,,,,,,,,,,,,,
28-08-2018,102.91291,-0.005985906,,,,,,,,,,,,,,,,,,,,
29-08-2018,104.555611,-0.015711266,,,,,,,,,,,,,,,,,,,,
30-08-2018,104.490311,0.000624938,,,,,,,,,,,,,,,,,,,,
31-08-2018,104.844978,-0.003382775,,,,,,,,,,,,,,,,,,,,
04-09-2018,104.266289,0.005550106,,,,,,,,,,,,,,,,,,,,
05-09-2018,101.260857,0.029680096,,,,,,,,,,,,,,,,,,,,
06-09-2018,101.494186,-0.00229894,,,,,,,,,,,,,,,,,,,,
07-09-2018,100.999496,0.004897945,,,,,,,,,,,,,,,,,,,,
10-09-2018,102.091545,-0.010696762,,,,,,,,,,,,,,,,,,,,
11-09-2018,103.827614,-0.016720687,,,,,,,,,,,,,,,,,,,,
12-09-2018,104.266289,-0.004207256,,,,,,,,,,,,,,,,,,,,
13-09-2018,105.386322,-0.010627878,,,,,,,,,,,,,,,,,,,,
14-09-2018,105.815666,-0.004057471,,,,,,,,,,,,,,,,,,,,
17-09-2018,104.667633,0.010968367,,,,,,,,,,,,,,,,,,,,
18-09-2018,105.666328,-0.009451403,,,,,,,,,,,,,,,,,,,,
19-09-2018,104.256966,0.013518157,,,,,,,,,,,,,,,,,,,,
20-09-2018,106.00235,-0.016465522,,,,,,,,,,,,,,,,,,,,
21-09-2018,106.64637,-0.006038837,,,,,,,,,,,,,,,,,,,,
24-09-2018,107.029037,-0.003575357,,,,,,,,,,,,,,,,,,,,
25-09-2018,106.8237,0.001922205,,,,,,,,,,,,,,,,,,,,
26-09-2018,106.385033,0.00412339,,,,,,,,,,,,,,,,,,,,
27-09-2018,106.786377,-0.003758382,,,,,,,,,,,,,,,,,,,,
28-09-2018,106.749054,0.000349633,,,,,,,,,,,,,,,,,,,,
01-10-2018,107.906433,-0.010725765,,,,,,,,,,,,,,,,,,,,
02-10-2018,107.477089,0.003994749,,,,,,,,,,,,,,,,,,,,
03-10-2018,107.495728,-0.000173393,,,,,,,,,,,,,,,,,,,,
04-10-2018,105.274323,0.021101109,,,,,,,,,,,,,,,,,,,,
05-10-2018,104.658295,0.005886089,,,,,,,,,,,,,,,,,,,,
08-10-2018,103.463608,0.01154693,,,,,,,,,,,,,,,,,,,,
09-10-2018,104.779633,-0.012559931,,,,,,,,,,,,,,,,,,,,
10-10-2018,99.086098,0.057460482,,,,,,,,,,,,,,,,,,,,
11-10-2018,98.852783,0.002360227,,,,,,,,,,,,,,,,,,,,
12-10-2018,102.268898,-0.033403264,,,,,,,,,,,,,,,,,,,,
15-10-2018,100.430168,0.018308543,,,,,,,,,,,,,,,,,,,,
16-10-2018,103.603607,-0.030630584,,,,,,,,,,,,,,,,,,,,
17-10-2018,103.332909,0.002619669,,,,,,,,,,,,,,,,,,,,
18-10-2018,101.270187,0.020368502,,,,,,,,,,,,,,,,,,,,
19-10-2018,101.419525,-0.001472478,,,,,,,,,,,,,,,,,,,,
22-10-2018,102.324883,-0.008847877,,,,,,,,,,,,,,,,,,,,
23-10-2018,100.896835,0.014153546,,,,,,,,,,,,,,,,,,,,
24-10-2018,95.501976,0.056489501,,,,,,,,,,,,,,,,,,,,
25-10-2018,101.083504,-0.055217002,,,,,,,,,,,,,,,,,,,,
26-10-2018,99.832802,0.012527967,,,,,,,,,,,,,,,,,,,,
29-10-2018,96.930031,0.029947076,,,,,,,,,,,,,,,,,,,,
30-10-2018,96.818031,0.001156809,,,,,,,,,,,,,,,,,,,,
31-10-2018,99.69281,-0.028836372,,,,,,,,,,,,,,,,,,,,
01-11-2018,98.862099,0.008402725,,,,,,,,,,,,,,,,,,,,
02-11-2018,99.086098,-0.00226065,,,,,,,,,,,,,,,,,,,,
05-11-2018,100.346161,-0.012557162,,,,,,,,,,,,,,,,,,,,
06-11-2018,100.542168,-0.0019495,,,,,,,,,,,,,,,,,,,,
07-11-2018,104.499626,-0.037870547,,,,,,,,,,,,,,,,,,,,
08-11-2018,104.303619,0.001879197,,,,,,,,,,,,,,,,,,,,
09-11-2018,102.268898,0.019895795,,,,,,,,,,,,,,,,,,,,
12-11-2018,99.748802,0.025264424,,,,,,,,,,,,,,,,,,,,
13-11-2018,99.814133,-0.000654527,,,,,,,,,,,,,,,,,,,,
14-11-2018,98.398682,0.014384857,,,,,,,,,,,,,,,,,,,,
15-11-2018,100.564064,-0.021532364,,,,,,,,,,,,,,,,,,,,
16-11-2018,101.510849,-0.009326934,,,,,,,,,,,,,,,,,,,,
19-11-2018,98.070572,0.035079606,,,,,,,,,,,,,,,,,,,,
20-11-2018,95.342743,0.028610767,,,,,,,,,,,,,,,,,,,,
21-11-2018,96.655098,-0.013577711,,,,,,,,,,,,,,,,,,,,
23-11-2018,96.617615,0.000387952,,,,,,,,,,,,,,,,,,,,
26-11-2018,99.804756,-0.031933759,,,,,,,,,,,,,,,,,,,,
27-11-2018,100.432816,-0.006253534,,,,,,,,,,,,,,,,,,,,
28-11-2018,104.163673,-0.035817257,,,,,,,,,,,,,,,,,,,,
29-11-2018,103.291878,0.008440112,,,,,,,,,,,,,,,,,,,,
30-11-2018,103.948067,-0.006312662,,,,,,,,,,,,,,,,,,,,
03-12-2018,105.072937,-0.010705611,,,,,,,,,,,,,,,,,,,,
04-12-2018,101.726433,0.032897094,,,,,,,,,,,,,,,,,,,,
06-12-2018,102.354492,-0.006136116,,,,,,,,,,,,,,,,,,,,
07-12-2018,98.258057,0.041690576,,,,,,,,,,,,,,,,,,,,
10-12-2018,100.85463,-0.0257457,,,,,,,,,,,,,,,,,,,,
11-12-2018,101.792046,-0.009209128,,,,,,,,,,,,,,,,,,,,
12-12-2018,102.251358,-0.004491989,,,,,,,,,,,,,,,,,,,,
13-12-2018,102.598213,-0.003380712,,,,,,,,,,,,,,,,,,,,
14-12-2018,99.392303,0.032255113,,,,,,,,,,,,,,,,,,,,
17-12-2018,96.44886,0.030518173,,,,,,,,,,,,,,,,,,,,
18-12-2018,97.461266,-0.010387778,,,,,,,,,,,,,,,,,,,,
19-12-2018,97.198807,0.002700229,,,,,,,,,,,,,,,,,,,,
20-12-2018,95.155273,0.021475783,,,,,,,,,,,,,,,,,,,,
21-12-2018,92.08062,0.033390881,,,,,,,,,,,,,,,,,,,,
24-12-2018,88.237267,0.043557027,,,,,,,,,,,,,,,,,,,,
26-12-2018,94.264748,-0.063942048,,,,,,,,,,,,,,,,,,,,
27-12-2018,94.845947,-0.006127821,,,,,,,,,,,,,,,,,,,,
28-12-2018,94.105377,0.007869582,,,,,,,,,,,,,,,,,,,,
31-12-2018,95.21151,-0.01161764,,,,,,,,,,,,,,,,,,,,
02-01-2019,94.78968,0.004450168,,,,,,,,,,,,,,,,,,,,
03-01-2019,91.302567,0.038192935,,,,,,,,,,,,,,,,,,,,
04-01-2019,95.549004,-0.044442504,,,,,,,,,,,,,,,,,,,,
07-01-2019,95.670837,-0.00127346,,,,,,,,,,,,,,,,,,,,
08-01-2019,96.36451,-0.007198428,,,,,,,,,,,,,,,,,,,,
09-01-2019,97.742485,-0.014098015,,,,,,,,,,,,,,,,,,,,
10-01-2019,97.114433,0.006467133,,,,,,,,,,,,,,,,,,,,
11-01-2019,96.36451,0.007782149,,,,,,,,,,,,,,,,,,,,
14-01-2019,95.661453,0.007349428,,,,,,,,,,,,,,,,,,,,
15-01-2019,98.436172,-0.028188002,,,,,,,,,,,,,,,,,,,,
16-01-2019,98.78299,-0.003510908,,,,,,,,,,,,,,,,,,,,
17-01-2019,99.476685,-0.006973443,,,,,,,,,,,,,,,,,,,,
18-01-2019,100.967155,-0.014761929,,,,,,,,,,,,,,,,,,,,
22-01-2019,99.064194,0.019209372,,,,,,,,,,,,,,,,,,,,
23-01-2019,100.029755,-0.009652738,,,,,,,,,,,,,,,,,,,,
24-01-2019,99.551674,0.00480234,,,,,,,,,,,,,,,,,,,,
25-01-2019,100.460953,-0.009051069,,,,,,,,,,,,,,,,,,,,
28-01-2019,98.501785,0.01988967,,,,,,,,,,,,,,,,,,,,
29-01-2019,96.495758,0.020788758,,,,,,,,,,,,,,,,,,,,
30-01-2019,99.720383,-0.032336669,,,,,,,,,,,,,,,,,,,,
31-01-2019,97.892464,0.018672724,,,,,,,,,,,,,,,,,,,,
01-02-2019,96.345764,0.016053638,,,,,,,,,,,,,,,,,,,,
04-02-2019,99.120461,-0.027993181,,,,,,,,,,,,,,,,,,,,
05-02-2019,100.507828,-0.013803572,,,,,,,,,,,,,,,,,,,,
06-02-2019,99.392303,0.011223455,,,,,,,,,,,,,,,,,,,,
07-02-2019,98.679901,0.007219322,,,,,,,,,,,,,,,,,,,,
08-02-2019,99.05484,-0.003785166,,,,,,,,,,,,,,,,,,,,
11-02-2019,98.661125,0.003990579,,,,,,,,,,,,,,,,,,,,
12-02-2019,100.198486,-0.015343156,,,,,,,,,,,,,,,,,,,,
13-02-2019,100.123489,0.000749045,,,,,,,,,,,,,,,,,,,,
14-02-2019,100.20784,-0.00084176,,,,,,,,,,,,,,,,,,,,
15-02-2019,101.445206,-0.012197383,,,,,,,,,,,,,,,,,,,,
19-02-2019,101.398361,0.00046199,,,,,,,,,,,,,,,,,,,,
20-02-2019,100.871162,0.005226459,,,,,,,,,,,,,,,,,,,,
21-02-2019,102.998734,-0.020656293,,,,,,,,,,,,,,,,,,,,
22-02-2019,104.467331,-0.014057955,,,,,,,,,,,,,,,,,,,,
25-02-2019,105.050964,-0.005555713,,,,,,,,,,,,,,,,,,,,
26-02-2019,105.775856,-0.006853095,,,,,,,,,,,,,,,,,,,,
27-02-2019,105.596985,0.001693903,,,,,,,,,,,,,,,,,,,,
28-02-2019,105.465172,0.001249825,,,,,,,,,,,,,,,,,,,,
01-03-2019,105.935905,-0.004443564,,,,,,,,,,,,,,,,,,,,
04-03-2019,105.681702,0.002405364,,,,,,,,,,,,,,,,,,,,
05-03-2019,105.154518,0.005013422,,,,,,,,,,,,,,,,,,,,
06-03-2019,105.201599,-0.000447531,,,,,,,,,,,,,,,,,,,,
07-03-2019,103.92131,0.012319793,,,,,,,,,,,,,,,,,,,,
08-03-2019,104.034241,-0.001085518,,,,,,,,,,,,,,,,,,,,
11-03-2019,106.218307,-0.020562049,,,,,,,,,,,,,,,,,,,,
12-03-2019,106.962029,-0.00695314,,,,,,,,,,,,,,,,,,,,
13-03-2019,107.790443,-0.007685412,,,,,,,,,,,,,,,,,,,,
14-03-2019,107.875198,-0.000785676,,,,,,,,,,,,,,,,,,,,
15-03-2019,109.117828,-0.011387965,,,,,,,,,,,,,,,,,,,,
18-03-2019,110.680565,-0.014119344,,,,,,,,,,,,,,,,,,,,
19-03-2019,110.755867,-0.000679892,,,,,,,,,,,,,,,,,,,,
20-03-2019,110.633492,0.00110613,,,,,,,,,,,,,,,,,,,,
21-03-2019,113.17527,-0.022458776,,,,,,,,,,,,,,,,,,,,
22-03-2019,110.191017,0.027082543,,,,,,,,,,,,,,,,,,,,
25-03-2019,110.765297,-0.005184656,,,,,,,,,,,,,,,,,,,,
26-03-2019,111.000648,-0.002120267,,,,,,,,,,,,,,,,,,,,
27-03-2019,109.927429,0.009762977,,,,,,,,,,,,,,,,,,,,
28-03-2019,110.078072,-0.001368511,,,,,,,,,,,,,,,,,,,,
29-03-2019,111.028862,-0.008563449,,,,,,,,,,,,,,,,,,,,
01-04-2019,112.045593,-0.009074261,,,,,,,,,,,,,,,,,,,,
02-04-2019,112.205627,-0.001426256,,,,,,,,,,,,,,,,,,,,
03-04-2019,112.939926,-0.006501678,,,,,,,,,,,,,,,,,,,,
04-04-2019,112.365662,0.005110672,,,,,,,,,,,,,,,,,,,,
05-04-2019,112.864601,-0.004420686,,,,,,,,,,,,,,,,,,,,
08-04-2019,112.902275,-0.000333687,,,,,,,,,,,,,,,,,,,,
09-04-2019,112.290344,0.005449542,,,,,,,,,,,,,,,,,,,,
10-04-2019,113.147018,-0.007571335,,,,,,,,,,,,,,,,,,,,
11-04-2019,113.278809,-0.001163421,,,,,,,,,,,,,,,,,,,,
12-04-2019,113.862503,-0.005126306,,,,,,,,,,,,,,,,,,,,
15-04-2019,113.956635,-0.000826034,,,,,,,,,,,,,,,,,,,,
16-04-2019,113.693031,0.002318559,,,,,,,,,,,,,,,,,,,,
17-04-2019,114.634445,-0.008212313,,,,,,,,,,,,,,,,,,,,
18-04-2019,116.140686,-0.012969107,,,,,,,,,,,,,,,,,,,,
22-04-2019,116.50782,-0.003151153,,,,,,,,,,,,,,,,,,,,
23-04-2019,118.089394,-0.013393023,,,,,,,,,,,,,,,,,,,,
24-04-2019,117.684586,0.003439771,,,,,,,,,,,,,,,,,,,,
25-04-2019,121.581985,-0.032055728,,,,,,,,,,,,,,,,,,,,
26-04-2019,122.278625,-0.005697153,,,,,,,,,,,,,,,,,,,,
29-04-2019,122.165649,0.000924777,,,,,,,,,,,,,,,,,,,,
30-04-2019,122.947021,-0.006355355,,,,,,,,,,,,,,,,,,,,
01-05-2019,120.386414,0.0212699,,,,,,,,,,,,,,,,,,,,
02-05-2019,118.814247,0.013232142,,,,,,,,,,,,,,,,,,,,
03-05-2019,121.346634,-0.020869034,,,,,,,,,,,,,,,,,,,,
06-05-2019,120.640579,0.00585255,,,,,,,,,,,,,,,,,,,,
07-05-2019,118.16468,0.020952953,,,,,,,,,,,,,,,,,,,,
08-05-2019,118.155296,7.94E-05,,,,,,,,,,,,,,,,,,,,
09-05-2019,118.145851,7.99E-05,,,,,,,,,,,,,,,,,,,,
10-05-2019,119.680344,-0.012821596,,,,,,,,,,,,,,,,,,,,
13-05-2019,116.121864,0.030644358,,,,,,,,,,,,,,,,,,,,
14-05-2019,117.42099,-0.011063831,,,,,,,,,,,,,,,,,,,,
15-05-2019,119.074547,-0.013886738,,,,,,,,,,,,,,,,,,,,
16-05-2019,121.824188,-0.022570567,,,,,,,,,,,,,,,,,,,,
17-05-2019,121.011581,0.006715118,,,,,,,,,,,,,,,,,,,,
20-05-2019,119.263504,0.014657267,,,,,,,,,,,,,,,,,,,,
21-05-2019,119.906036,-0.005358629,,,,,,,,,,,,,,,,,,,,
22-05-2019,120.633598,-0.006031172,,,,,,,,,,,,,,,,,,,,
23-05-2019,119.225731,0.011808416,,,,,,,,,,,,,,,,,,,,
24-05-2019,119.282425,-0.000475292,,,,,,,,,,,,,,,,,,,,
28-05-2019,119.206841,0.000634058,,,,,,,,,,,,,,,,,,,,
29-05-2019,118.054085,0.009764643,,,,,,,,,,,,,,,,,,,,
30-05-2019,118.800529,-0.006283171,,,,,,,,,,,,,,,,,,,,
31-05-2019,116.863487,0.016575254,,,,,,,,,,,,,,,,,,,,
03-06-2019,113.235146,0.032042534,,,,,,,,,,,,,,,,,,,,
04-06-2019,116.372154,-0.026956689,,,,,,,,,,,,,,,,,,,,
05-06-2019,118.895012,-0.021219208,,,,,,,,,,,,,,,,,,,,
06-06-2019,120.775345,-0.015568848,,,,,,,,,,,,,,,,,,,,
07-06-2019,124.158028,-0.02724498,,,,,,,,,,,,,,,,,,,,
10-06-2019,125.291885,-0.009049724,,,,,,,,,,,,,,,,,,,,
11-06-2019,124.819443,0.003785003,,,,,,,,,,,,,,,,,,,,
12-06-2019,124.24308,0.004638995,,,,,,,,,,,,,,,,,,,,
13-06-2019,125.027336,-0.006272676,,,,,,,,,,,,,,,,,,,,
14-06-2019,125.150169,-0.000981485,,,,,,,,,,,,,,,,,,,,
17-06-2019,125.52813,-0.003010967,,,,,,,,,,,,,,,,,,,,
18-06-2019,127.710808,-0.017090785,,,,,,,,,,,,,,,,,,,,
19-06-2019,128.211639,-0.003906283,,,,,,,,,,,,,,,,,,,,
20-06-2019,129.402161,-0.009200171,,,,,,,,,,,,,,,,,,,,
21-06-2019,129.421051,-0.000145958,,,,,,,,,,,,,,,,,,,,
24-06-2019,130.186417,-0.005879,,,,,,,,,,,,,,,,,,,,
25-06-2019,126.076149,0.032601472,,,,,,,,,,,,,,,,,,,,
26-06-2019,126.548584,-0.00373323,,,,,,,,,,,,,,,,,,,,
27-06-2019,126.756447,-0.001639861,,,,,,,,,,,,,,,,,,,,
28-06-2019,126.576965,0.001417967,,,,,,,,,,,,,,,,,,,,
01-07-2019,128.202103,-0.012676376,,,,,,,,,,,,,,,,,,,,
02-07-2019,129.052521,-0.006589705,,,,,,,,,,,,,,,,,,,,
03-07-2019,129.884018,-0.006401842,,,,,,,,,,,,,,,,,,,,
05-07-2019,129.506058,0.002918474,,,,,,,,,,,,,,,,,,,,
08-07-2019,129.411591,0.000729973,,,,,,,,,,,,,,,,,,,,
09-07-2019,128.939163,0.00366396,,,,,,,,,,,,,,,,,,,,
10-07-2019,130.252533,-0.010083259,,,,,,,,,,,,,,,,,,,,
11-07-2019,130.772247,-0.003974192,,,,,,,,,,,,,,,,,,,,
12-07-2019,131.244644,-0.003599362,,,,,,,,,,,,,,,,,,,,
15-07-2019,131.244644,0,,,,,,,,,,,,,,,,,,,,
16-07-2019,129.524994,0.013276588,,,,,,,,,,,,,,,,,,,,
17-07-2019,128.759613,0.005944263,,,,,,,,,,,,,,,,,,,,
18-07-2019,128.901352,-0.001099593,,,,,,,,,,,,,,,,,,,,
19-07-2019,129.090363,-0.001464176,,,,,,,,,,,,,,,,,,,,
22-07-2019,130.800568,-0.013074905,,,,,,,,,,,,,,,,,,,,
23-07-2019,131.61319,-0.00617432,,,,,,,,,,,,,,,,,,,,
24-07-2019,132.964371,-0.010161978,,,,,,,,,,,,,,,,,,,,
25-07-2019,132.463547,0.003780844,,,,,,,,,,,,,,,,,,,,
26-07-2019,133.550171,-0.008136448,,,,,,,,,,,,,,,,,,,,
29-07-2019,133.257309,0.002197718,,,,,,,,,,,,,,,,,,,,
30-07-2019,132.614746,0.004845336,,,,,,,,,,,,,,,,,,,,
31-07-2019,128.759613,0.029940545,,,,,,,,,,,,,,,,,,,,
01-08-2019,130.450974,-0.012965492,,,,,,,,,,,,,,,,,,,,
02-08-2019,129.354919,0.008473238,,,,,,,,,,,,,,,,,,,,
05-08-2019,124.92337,0.035474139,,,,,,,,,,,,,,,,,,,,
06-08-2019,127.266708,-0.018412812,,,,,,,,,,,,,,,,,,,,
07-08-2019,127.824188,-0.004361303,,,,,,,,,,,,,,,,,,,,
08-08-2019,131.235199,-0.025991586,,,,,,,,,,,,,,,,,,,,
09-08-2019,130.1203,0.008568217,,,,,,,,,,,,,,,,,,,,
12-08-2019,128.306076,0.014139814,,,,,,,,,,,,,,,,,,,,
13-08-2019,130.961227,-0.020274329,,,,,,,,,,,,,,,,,,,,
14-08-2019,127.01738,0.031049664,,,,,,,,,,,,,,,,,,,,
15-08-2019,126.732986,0.002244041,,,,,,,,,,,,,,,,,,,,
16-08-2019,129.055664,-0.01799749,,,,,,,,,,,,,,,,,,,,
19-08-2019,131.217178,-0.016472797,,,,,,,,,,,,,,,,,,,,
20-08-2019,130.126953,0.008378164,,,,,,,,,,,,,,,,,,,,
21-08-2019,131.577423,-0.0110237,,,,,,,,,,,,,,,,,,,,
22-08-2019,130.619919,0.007330459,,,,,,,,,,,,,,,,,,,,
23-08-2019,126.458054,0.032911032,,,,,,,,,,,,,,,,,,,,
26-08-2019,128.41098,-0.015208404,,,,,,,,,,,,,,,,,,,,
27-08-2019,128.685913,-0.002136465,,,,,,,,,,,,,,,,,,,,
28-08-2019,128.515289,0.001327655,,,,,,,,,,,,,,,,,,,,
29-08-2019,130.94223,-0.018534441,,,,,,,,,,,,,,,,,,,,
30-08-2019,130.69577,0.001885753,,,,,,,,,,,,,,,,,,,,
03-09-2019,128.970337,0.013378526,,,,,,,,,,,,,,,,,,,,
04-09-2019,130.477737,-0.011552929,,,,,,,,,,,,,,,,,,,,
05-09-2019,132.771912,-0.017279069,,,,,,,,,,,,,,,,,,,,
06-09-2019,131.871323,0.006829301,,,,,,,,,,,,,,,,,,,,
09-09-2019,130.373413,0.011489382,,,,,,,,,,,,,,,,,,,,
10-09-2019,129.00827,0.010581825,,,,,,,,,,,,,,,,,,,,
11-09-2019,129.046219,-0.000294073,,,,,,,,,,,,,,,,,,,,
12-09-2019,130.373413,-0.010179944,,,,,,,,,,,,,,,,,,,,
13-09-2019,130.183838,0.00145621,,,,,,,,,,,,,,,,,,,,
16-09-2019,129.245285,0.007261797,,,,,,,,,,,,,,,,,,,,
17-09-2019,130.250198,-0.007715251,,,,,,,,,,,,,,,,,,,,
18-09-2019,131.321487,-0.008157759,,,,,,,,,,,,,,,,,,,,
19-09-2019,133.738968,-0.018076115,,,,,,,,,,,,,,,,,,,,
20-09-2019,132.193665,0.01168969,,,,,,,,,,,,,,,,,,,,
23-09-2019,131.909241,0.00215621,,,,,,,,,,,,,,,,,,,,
24-09-2019,130.240723,0.012811031,,,,,,,,,,,,,,,,,,,,
25-09-2019,132.117828,-0.01420781,,,,,,,,,,,,,,,,,,,,
26-09-2019,132.288452,-0.001289788,,,,,,,,,,,,,,,,,,,,
27-09-2019,130.572479,0.013141919,,,,,,,,,,,,,,,,,,,,
30-09-2019,131.804962,-0.009350809,,,,,,,,,,,,,,,,,,,,
01-10-2019,129.946808,0.014299343,,,,,,,,,,,,,,,,,,,,
02-10-2019,127.65255,0.017972677,,,,,,,,,,,,,,,,,,,,
03-10-2019,129.197861,-0.011960809,,,,,,,,,,,,,,,,,,,,
04-10-2019,130.94223,-0.013321669,,,,,,,,,,,,,,,,,,,,
07-10-2019,129.994202,0.007292848,,,,,,,,,,,,,,,,,,,,
08-10-2019,128.619537,0.01068784,,,,,,,,,,,,,,,,,,,,
09-10-2019,131.056076,-0.018591576,,,,,,,,,,,,,,,,,,,,
10-10-2019,131.871323,-0.00618214,,,,,,,,,,,,,,,,,,,,
11-10-2019,132.421188,-0.004152394,,,,,,,,,,,,,,,,,,,,
14-10-2019,132.297958,0.000931458,,,,,,,,,,,,,,,,,,,,
15-10-2019,134.212982,-0.014268545,,,,,,,,,,,,,,,,,,,,
16-10-2019,133.11322,0.008261854,,,,,,,,,,,,,,,,,,,,
17-10-2019,132.430664,0.005154063,,,,,,,,,,,,,,,,,,,,
18-10-2019,130.269165,0.01659256,,,,,,,,,,,,,,,,,,,,
21-10-2019,131.236099,-0.007367897,,,,,,,,,,,,,,,,,,,,
22-10-2019,129.283203,0.015105566,,,,,,,,,,,,,,,,,,,,
23-10-2019,130.107986,-0.006339219,,,,,,,,,,,,,,,,,,,,
24-10-2019,132.667679,-0.019294021,,,,,,,,,,,,,,,,,,,,
25-10-2019,133.416595,-0.005613365,,,,,,,,,,,,,,,,,,,,
28-10-2019,136.696854,-0.023996595,,,,,,,,,,,,,,,,,,,,
29-10-2019,135.407532,0.009521789,,,,,,,,,,,,,,,,,,,,
30-10-2019,137.094986,-0.012308649,,,,,,,,,,,,,,,,,,,,
31-10-2019,135.919403,0.008649118,,,,,,,,,,,,,,,,,,,,
01-11-2019,136.251205,-0.002435222,,,,,,,,,,,,,,,,,,,,
04-11-2019,137.038101,-0.005742169,,,,,,,,,,,,,,,,,,,,
05-11-2019,136.952774,0.00062304,,,,,,,,,,,,,,,,,,,,
06-11-2019,136.573578,0.002776496,,,,,,,,,,,,,,,,,,,,
07-11-2019,136.763199,-0.001386491,,,,,,,,,,,,,,,,,,,,
08-11-2019,138.374832,-0.011646865,,,,,,,,,,,,,,,,,,,,
11-11-2019,138.517029,-0.001026567,,,,,,,,,,,,,,,,,,,,
12-11-2019,139.427185,-0.006527823,,,,,,,,,,,,,,,,,,,,
13-11-2019,139.654694,-0.001629082,,,,,,,,,,,,,,,,,,,,
14-11-2019,140.365662,-0.005065113,,,,,,,,,,,,,,,,,,,,
15-11-2019,142.176453,-0.012736223,,,,,,,,,,,,,,,,,,,,
18-11-2019,142.527206,-0.002460955,,,,,,,,,,,,,,,,,,,,
19-11-2019,142.574585,-0.00033231,,,,,,,,,,,,,,,,,,,,
20-11-2019,142.327271,0.001737643,,,,,,,,,,,,,,,,,,,,
21-11-2019,142.194122,0.000936389,,,,,,,,,,,,,,,,,,,,
22-11-2019,142.298752,-0.000735284,,,,,,,,,,,,,,,,,,,,
25-11-2019,143.85881,-0.010844369,,,,,,,,,,,,,,,,,,,,
26-11-2019,144.619781,-0.005261874,,,,,,,,,,,,,,,,,,,,
27-11-2019,144.895721,-0.001904404,,,,,,,,,,,,,,,,,,,,
29-11-2019,144.00148,0.006209943,,,,,,,,,,,,,,,,,,,,
02-12-2019,142.260681,0.012236684,,,,,,,,,,,,,,,,,,,,
03-12-2019,142.032379,0.001607394,,,,,,,,,,,,,,,,,,,,
04-12-2019,142.546082,-0.003603768,,,,,,,,,,,,,,,,,,,,
05-12-2019,142.622192,-0.000533648,,,,,,,,,,,,,,,,,,,,
06-12-2019,144.353485,-0.011993427,,,,,,,,,,,,,,,,,,,,
09-12-2019,143.982452,0.002576932,,,,,,,,,,,,,,,,,,,,
10-12-2019,143.763672,0.001521803,,,,,,,,,,,,,,,,,,,,
11-12-2019,144.305878,-0.003757338,,,,,,,,,,,,,,,,,,,,
12-12-2019,145.770828,-0.010049679,,,,,,,,,,,,,,,,,,,,
13-12-2019,146.997971,-0.008348027,,,,,,,,,,,,,,,,,,,,
16-12-2019,147.949203,-0.00642945,,,,,,,,,,,,,,,,,,,,
17-12-2019,147.150162,0.005430106,,,,,,,,,,,,,,,,,,,,
18-12-2019,146.845749,0.002073012,,,,,,,,,,,,,,,,,,,,
19-12-2019,148.120438,-0.00860576,,,,,,,,,,,,,,,,,,,,
20-12-2019,149.737564,-0.010799735,,,,,,,,,,,,,,,,,,,,
23-12-2019,149.737564,0,,,,,,,,,,,,,,,,,,,,
24-12-2019,149.709106,0.000190089,,,,,,,,,,,,,,,,,,,,
26-12-2019,150.936172,-0.008129701,,,,,,,,,,,,,,,,,,,,
27-12-2019,151.212067,-0.001824557,,,,,,,,,,,,,,,,,,,,
30-12-2019,149.908829,0.008693537,,,,,,,,,,,,,,,,,,,,
31-12-2019,150.013428,-0.000697264,,,,,,,,,,,,,,,,,,,,
02-01-2020,152.791092,-0.018179489,,,,,,,,,,,,,,,,,,,,
03-01-2020,150.888611,0.012608513,,,,,,,,,,,,,,,,,,,,
06-01-2020,151.278595,-0.002577919,,,,,,,,,,,,,,,,,,,,
07-01-2020,149.899292,0.009201531,,,,,,,,,,,,,,,,,,,,
08-01-2020,152.286957,-0.015678723,,,,,,,,,,,,,,,,,,,,
09-01-2020,154.189438,-0.012338595,,,,,,,,,,,,,,,,,,,,
10-01-2020,153.476028,0.004648348,,,,,,,,,,,,,,,,,,,,
13-01-2020,155.321457,-0.011881353,,,,,,,,,,,,,,,,,,,,
14-01-2020,154.227554,0.007092786,,,,,,,,,,,,,,,,,,,,
15-01-2020,155.226334,-0.006434346,,,,,,,,,,,,,,,,,,,,
16-01-2020,158.070618,-0.017993755,,,,,,,,,,,,,,,,,,,,
17-01-2020,158.955276,-0.005565452,,,,,,,,,,,,,,,,,,,,
21-01-2020,158.384552,0.003603407,,,,,,,,,,,,,,,,,,,,
22-01-2020,157.62352,0.004828163,,,,,,,,,,,,,,,,,,,,
23-01-2020,158.593781,-0.006117901,,,,,,,,,,,,,,,,,,,,
24-01-2020,156.995712,0.010179061,,,,,,,,,,,,,,,,,,,,
27-01-2020,154.370255,0.017007532,,,,,,,,,,,,,,,,,,,,
28-01-2020,157.395203,-0.019218807,,,,,,,,,,,,,,,,,,,,
29-01-2020,159.849426,-0.015353343,,,,,,,,,,,,,,,,,,,,
30-01-2020,164.358459,-0.02743414,,,,,,,,,,,,,,,,,,,,
31-01-2020,161.93277,0.014979605,,,,,,,,,,,,,,,,,,,,
03-02-2020,165.880447,-0.023798326,,,,,,,,,,,,,,,,,,,,
04-02-2020,171.340668,-0.03186763,,,,,,,,,,,,,,,,,,,,
05-02-2020,171.131363,0.001223066,,,,,,,,,,,,,,,,,,,,
06-02-2020,174.679611,-0.020312892,,,,,,,,,,,,,,,,,,,,
07-02-2020,174.926895,-0.001413642,,,,,,,,,,,,,,,,,,,,
10-02-2020,179.502472,-0.025490329,,,,,,,,,,,,,,,,,,,,
11-02-2020,175.450089,0.02309707,,,,,,,,,,,,,,,,,,,,
12-02-2020,175.70697,-0.001461985,,,,,,,,,,,,,,,,,,,,
13-02-2020,174.755692,0.005443474,,,,,,,,,,,,,,,,,,,,
14-02-2020,176.315735,-0.008848008,,,,,,,,,,,,,,,,,,,,
18-02-2020,178.104111,-0.010041183,,,,,,,,,,,,,,,,,,,,
19-02-2020,178.638275,-0.002990199,,,,,,,,,,,,,,,,,,,,
20-02-2020,175.910233,0.015508148,,,,,,,,,,,,,,,,,,,,
21-02-2020,170.349274,0.032644454,,,,,,,,,,,,,,,,,,,,
24-02-2020,163.004532,0.045058514,,,,,,,,,,,,,,,,,,,,
25-02-2020,160.314651,0.01677876,,,,,,,,,,,,,,,,,,,,
26-02-2020,162.31781,-0.012340969,,,,,,,,,,,,,,,,,,,,
27-02-2020,150.881027,0.075800008,,,,,,,,,,,,,,,,,,,,
28-02-2020,154.534302,-0.023640544,,,,,,,,,,,,,,,,,,,,
02-03-2020,164.816864,-0.062387803,,,,,,,,,,,,,,,,,,,,
03-03-2020,156.918976,0.050330994,,,,,,,,,,,,,,,,,,,,
04-03-2020,162.680206,-0.03541445,,,,,,,,,,,,,,,,,,,,
05-03-2020,158.597748,0.025740958,,,,,,,,,,,,,,,,,,,,
06-03-2020,154.114624,0.029089543,,,,,,,,,,,,,,,,,,,,
09-03-2020,143.669891,0.072699526,,,,,,,,,,,,,,,,,,,,
10-03-2020,153.494583,-0.064006767,,,,,,,,,,,,,,,,,,,,
11-03-2020,146.540955,0.047451772,,,,,,,,,,,,,,,,,,,,
12-03-2020,132.643295,0.104774689,,,,,,,,,,,,,,,,,,,,
13-03-2020,151.501053,-0.124472785,,,,,,,,,,,,,,,,,,,,
16-03-2020,129.17128,0.172869488,,,,,,,,,,,,,,,,,,,,
17-03-2020,139.806732,-0.076072531,,,,,,,,,,,,,,,,,,,,
18-03-2020,133.921478,0.043945557,,,,,,,,,,,,,,,,,,,,
19-03-2020,136.124893,-0.016186716,,,,,,,,,,,,,,,,,,,,
20-03-2020,131.012238,0.039024255,,,,,,,,,,,,,,,,,,,,
23-03-2020,129.705429,0.010075207,,,,,,,,,,,,,,,,,,,,
24-03-2020,141.495117,-0.083322225,,,,,,,,,,,,,,,,,,,,
25-03-2020,140.14061,0.009665343,,,,,,,,,,,,,,,,,,,,
26-03-2020,148.90657,-0.05886886,,,,,,,,,,,,,,,,,,,,
27-03-2020,142.792343,0.042819012,,,,,,,,,,,,,,,,,,,,
30-03-2020,152.836426,-0.065717861,,,,,,,,,,,,,,,,,,,,
31-03-2020,150.432739,0.015978483,,,,,,,,,,,,,,,,,,,,
01-04-2020,145.09111,0.036815688,,,,,,,,,,,,,,,,,,,,
02-04-2020,148.095749,-0.020288489,,,,,,,,,,,,,,,,,,,,
03-04-2020,146.731766,0.009295758,,,,,,,,,,,,,,,,,,,,
06-04-2020,157.643875,-0.06922,,,,,,,,,,,,,,,,,,,,
07-04-2020,155.945999,0.010887589,,,,,,,,,,,,,,,,,,,,
08-04-2020,157.51033,-0.009931609,,,,,,,,,,,,,,,,,,,,
09-04-2020,157.519882,-6.06E-05,,,,,,,,,,,,,,,,,,,,
13-04-2020,157.872849,-0.002235768,,,,,,,,,,,,,,,,,,,,
14-04-2020,165.684906,-0.047150083,,,,,,,,,,,,,,,,,,,,
15-04-2020,163.948898,0.010588714,,,,,,,,,,,,,,,,,,,,
16-04-2020,168.870773,-0.029145807,,,,,,,,,,,,,,,,,,,,
17-04-2020,170.358795,-0.008734636,,,,,,,,,,,,,,,,,,,,
20-04-2020,166.982162,0.020221519,,,,,,,,,,,,,,,,,,,,
21-04-2020,160.076248,0.043141403,,,,,,,,,,,,,,,,,,,,
22-04-2020,165.513214,-0.032849136,,,,,,,,,,,,,,,,,,,,
23-04-2020,163.510132,0.012250507,,,,,,,,,,,,,,,,,,,,
24-04-2020,166.495667,-0.017931608,,,,,,,,,,,,,,,,,,,,
27-04-2020,166.018738,0.002872742,,,,,,,,,,,,,,,,,,,,
28-04-2020,161.974396,0.02496902,,,,,,,,,,,,,,,,,,,,
29-04-2020,169.242767,-0.04294642,,,,,,,,,,,,,,,,,,,,
30-04-2020,170.940674,-0.009932727,,,,,,,,,,,,,,,,,,,,
01-05-2020,166.514771,0.026579642,,,,,,,,,,,,,,,,,,,,
04-05-2020,170.587708,-0.023875911,,,,,,,,,,,,,,,,,,,,
05-05-2020,172.419128,-0.010621907,,,,,,,,,,,,,,,,,,,,
06-05-2020,174.117004,-0.009751351,,,,,,,,,,,,,,,,,,,,
07-05-2020,175.128098,-0.005773454,,,,,,,,,,,,,,,,,,,,
08-05-2020,176.158234,-0.005847788,,,,,,,,,,,,,,,,,,,,
11-05-2020,178.123215,-0.011031583,,,,,,,,,,,,,,,,,,,,
12-05-2020,174.088379,0.02317694,,,,,,,,,,,,,,,,,,,,
13-05-2020,171.45575,0.015354568,,,,,,,,,,,,,,,,,,,,
14-05-2020,172.199768,-0.004320668,,,,,,,,,,,,,,,,,,,,
15-05-2020,174.708374,-0.014358819,,,,,,,,,,,,,,,,,,,,
18-05-2020,176.377655,-0.009464243,,,,,,,,,,,,,,,,,,,,
19-05-2020,175.156693,0.006970684,,,,,,,,,,,,,,,,,,,,
20-05-2020,177.586243,-0.013680958,,,,,,,,,,,,,,,,,,,,
21-05-2020,175.453217,0.012157235,,,,,,,,,,,,,,,,,,,,
22-05-2020,175.529709,-0.000435778,,,,,,,,,,,,,,,,,,,,
26-05-2020,173.674133,0.010684239,,,,,,,,,,,,,,,,,,,,
27-05-2020,173.903702,-0.001320093,,,,,,,,,,,,,,,,,,,,
28-05-2020,173.51149,0.002260438,,,,,,,,,,,,,,,,,,,,
29-05-2020,175.281067,-0.010095654,,,,,,,,,,,,,,,,,,,,
01-06-2020,174.879333,0.002297207,,,,,,,,,,,,,,,,,,,,
02-06-2020,176.868851,-0.011248549,,,,,,,,,,,,,,,,,,,,
03-06-2020,177.299301,-0.002427816,,,,,,,,,,,,,,,,,,,,
04-06-2020,174.965393,0.013339255,,,,,,,,,,,,,,,,,,,,
05-06-2020,179.059296,-0.022863393,,,,,,,,,,,,,,,,,,,,
08-06-2020,180.168854,-0.006158434,,,,,,,,,,,,,,,,,,,,
09-06-2020,181.546204,-0.007586774,,,,,,,,,,,,,,,,,,,,
10-06-2020,188.28009,-0.035765258,,,,,,,,,,,,,,,,,,,,
11-06-2020,178.169708,0.056745797,,,,,,,,,,,,,,,,,,,,
12-06-2020,179.575821,-0.007830191,,,,,,,,,,,,,,,,,,,,
15-06-2020,180.723602,-0.00635103,,,,,,,,,,,,,,,,,,,,
16-06-2020,185.152252,-0.023918964,,,,,,,,,,,,,,,,,,,,
17-06-2020,185.793137,-0.003449455,,,,,,,,,,,,,,,,,,,,
18-06-2020,187.782669,-0.010594865,,,,,,,,,,,,,,,,,,,,
19-06-2020,186.663574,0.005995251,,,,,,,,,,,,,,,,,,,,
22-06-2020,191.84787,-0.027022953,,,,,,,,,,,,,,,,,,,,
23-06-2020,193.129593,-0.006636596,,,,,,,,,,,,,,,,,,,,
24-06-2020,189.236588,0.020572158,,,,,,,,,,,,,,,,,,,,
25-06-2020,191.627884,-0.012478852,,,,,,,,,,,,,,,,,,,,
26-06-2020,187.792221,0.020425037,,,,,,,,,,,,,,,,,,,,
29-06-2020,189.810501,-0.010633131,,,,,,,,,,,,,,,,,,,,
30-06-2020,194.659988,-0.024912603,,,,,,,,,,,,,,,,,,,,
01-07-2020,195.798264,-0.005813514,,,,,,,,,,,,,,,,,,,,
02-07-2020,197.290405,-0.007563171,,,,,,,,,,,,,,,,,,,,
06-07-2020,201.537338,-0.021072686,,,,,,,,,,,,,,,,,,,,
07-07-2020,199.193893,0.011764643,,,,,,,,,,,,,,,,,,,,
08-07-2020,203.574677,-0.021519297,,,,,,,,,,,,,,,,,,,,
09-07-2020,204.999893,-0.006952277,,,,,,,,,,,,,,,,,,,,
10-07-2020,204.378174,0.003042003,,,,,,,,,,,,,,,,,,,,
13-07-2020,198.065186,0.031873284,,,,,,,,,,,,,,,,,,,,
14-07-2020,199.289474,-0.006143265,,,,,,,,,,,,,,,,,,,,
15-07-2020,198.993011,0.001489816,,,,,,,,,,,,,,,,,,,,
16-07-2020,195.05217,0.020204036,,,,,,,,,,,,,,,,,,,,
17-07-2020,194.057404,0.005126143,,,,,,,,,,,,,,,,,,,,
20-07-2020,202.398209,-0.041209876,,,,,,,,,,,,,,,,,,,,
21-07-2020,199.672134,0.013652756,,,,,,,,,,,,,,,,,,,,
22-07-2020,202.541687,-0.014167716,,,,,,,,,,,,,,,,,,,,
23-07-2020,193.732193,0.045472535,,,,,,,,,,,,,,,,,,,,
24-07-2020,192.546082,0.006160141,,,,,,,,,,,,,,,,,,,,
27-07-2020,194.985214,-0.012509318,,,,,,,,,,,,,,,,,,,,
28-07-2020,193.234833,0.00905831,,,,,,,,,,,,,,,,,,,,
29-07-2020,195.186066,-0.009996784,,,,,,,,,,,,,,,,,,,,
30-07-2020,195.033081,0.000784405,,,,,,,,,,,,,,,,,,,,
31-07-2020,196.094757,-0.005414097,,,,,,,,,,,,,,,,,,,,
03-08-2020,207.123367,-0.053246576,,,,,,,,,,,,,,,,,,,,
04-08-2020,204.014725,0.015237341,,,,,,,,,,,,,,,,,,,,
05-08-2020,203.679901,0.001643874,,,,,,,,,,,,,,,,,,,,
06-08-2020,206.941635,-0.015761613,,,,,,,,,,,,,,,,,,,,
07-08-2020,203.239929,0.018213478,,,,,,,,,,,,,,,,,,,,
10-08-2020,199.193893,0.020312048,,,,,,,,,,,,,,,,,,,,
11-08-2020,194.53566,0.023945394,,,,,,,,,,,,,,,,,,,,
12-08-2020,200.092987,-0.027773722,,,,,,,,,,,,,,,,,,,,
13-08-2020,199.624329,0.0023477,,,,,,,,,,,,,,,,,,,,
14-08-2020,199.815613,-0.000957303,,,,,,,,,,,,,,,,,,,,
17-08-2020,201.135605,-0.006562697,,,,,,,,,,,,,,,,,,,,
18-08-2020,202.292984,-0.005721301,,,,,,,,,,,,,,,,,,,,
19-08-2020,201.065689,0.00610395,,,,,,,,,,,,,,,,,,,,
20-08-2020,205.744766,-0.022742144,,,,,,,,,,,,,,,,,,,,
21-08-2020,204.248978,0.007323356,,,,,,,,,,,,,,,,,,,,
24-08-2020,204.891388,-0.003135368,,,,,,,,,,,,,,,,,,,,
25-08-2020,207.556931,-0.012842467,,,,,,,,,,,,,,,,,,,,
26-08-2020,212.04425,-0.021162182,,,,,,,,,,,,,,,,,,,,
27-08-2020,217.250671,-0.02396504,,,,,,,,,,,,,,,,,,,,
28-08-2020,219.484726,-0.010178635,,,,,,,,,,,,,,,,,,,,
31-08-2020,216.243896,0.01498692,,,,,,,,,,,,,,,,,,,,
01-09-2020,217.912231,-0.007655995,,,,,,,,,,,,,,,,,,,,
02-09-2020,222.111862,-0.018907729,,,,,,,,,,,,,,,,,,,,
03-09-2020,208.352737,0.066037649,,,,,,,,,,,,,,,,,,,,
04-09-2020,205.428329,0.014235661,,,,,,,,,,,,,,,,,,,,
08-09-2020,194.315536,0.057189421,,,,,,,,,,,,,,,,,,,,
09-09-2020,202.590195,-0.040844321,,,,,,,,,,,,,,,,,,,,
10-09-2020,196.913986,0.02882583,,,,,,,,,,,,,,,,,,,,
11-09-2020,195.629166,0.00656763,,,,,,,,,,,,,,,,,,,,
14-09-2020,196.952301,-0.006718048,,,,,,,,,,,,,,,,,,,,
15-09-2020,200.183594,-0.016141647,,,,,,,,,,,,,,,,,,,,
16-09-2020,196.607147,0.018190829,,,,,,,,,,,,,,,,,,,,
17-09-2020,194.555267,0.010546515,,,,,,,,,,,,,,,,,,,,
18-09-2020,192.139008,0.012575578,,,,,,,,,,,,,,,,,,,,
21-09-2020,194.200485,-0.0106152,,,,,,,,,,,,,,,,,,,,
22-09-2020,198.879547,-0.023527115,,,,,,,,,,,,,,,,,,,,
23-09-2020,192.33078,0.034049501,,,,,,,,,,,,,,,,,,,,
24-09-2020,194.823746,-0.012796007,,,,,,,,,,,,,,,,,,,,
25-09-2020,199.263077,-0.022278744,,,,,,,,,,,,,,,,,,,,
28-09-2020,200.816422,-0.007735149,,,,,,,,,,,,,,,,,,,,
29-09-2020,198.726135,0.01051843,,,,,,,,,,,,,,,,,,,,
30-09-2020,201.669754,-0.014596234,,,,,,,,,,,,,,,,,,,,
01-10-2020,203.712051,-0.010025411,,,,,,,,,,,,,,,,,,,,
02-10-2020,197.700211,0.03040887,,,,,,,,,,,,,,,,,,,,
05-10-2020,201.717712,-0.019916451,,,,,,,,,,,,,,,,,,,,
06-10-2020,197.431763,0.021708508,,,,,,,,,,,,,,,,,,,,
07-10-2020,201.190384,-0.018681912,,,,,,,,,,,,,,,,,,,,
08-10-2020,201.909485,-0.003561502,,,,,,,,,,,,,,,,,,,,
09-10-2020,206.924103,-0.024234093,,,,,,,,,,,,,,,,,,,,
12-10-2020,212.283936,-0.025248415,,,,,,,,,,,,,,,,,,,,
13-10-2020,213.683792,-0.006551063,,,,,,,,,,,,,,,,,,,,
14-10-2020,211.76619,0.009055279,,,,,,,,,,,,,,,,,,,,
15-10-2020,210.615601,0.005462981,,,,,,,,,,,,,,,,,,,,
16-10-2020,210.615601,0,,,,,,,,,,,,,,,,,,,,
19-10-2020,205.399597,0.025394422,,,,,,,,,,,,,,,,,,,,
20-10-2020,205.811874,-0.002003174,,,,,,,,,,,,,,,,,,,,
21-10-2020,205.955734,-0.0006985,,,,,,,,,,,,,,,,,,,,
22-10-2020,206.041977,-0.00041857,,,,,,,,,,,,,,,,,,,,
23-10-2020,207.326813,-0.006197153,,,,,,,,,,,,,,,,,,,,
26-10-2020,201.430038,0.029274556,,,,,,,,,,,,,,,,,,,,
27-10-2020,204.469528,-0.014865247,,,,,,,,,,,,,,,,,,,,
28-10-2020,194.334717,0.052151315,,,,,,,,,,,,,,,,,,,,
29-10-2020,196.290741,-0.009964933,,,,,,,,,,,,,,,,,,,,
30-10-2020,194.133362,0.011112871,,,,,,,,,,,,,,,,,,,,
02-11-2020,193.999176,0.000691683,,,,,,,,,,,,,,,,,,,,
03-11-2020,197.930298,-0.019861143,,,,,,,,,,,,,,,,,,,,
04-11-2020,207.480225,-0.046028131,,,,,,,,,,,,,,,,,,,,
05-11-2020,214.09613,-0.030901563,,,,,,,,,,,,,,,,,,,,
06-11-2020,214.508438,-0.001922106,,,,,,,,,,,,,,,,,,,,
09-11-2020,209.397888,0.024405929,,,,,,,,,,,,,,,,,,,,
10-11-2020,202.321701,0.034974928,,,,,,,,,,,,,,,,,,,,
11-11-2020,207.633621,-0.02558314,,,,,,,,,,,,,,,,,,,,
12-11-2020,206.569351,0.00515212,,,,,,,,,,,,,,,,,,,,
13-11-2020,207.595291,-0.00494202,,,,,,,,,,,,,,,,,,,,
16-11-2020,208.28566,-0.00331453,,,,,,,,,,,,,,,,,,,,
17-11-2020,205.6297,0.012916228,,,,,,,,,,,,,,,,,,,,
18-11-2020,202.918732,0.013359871,,,,,,,,,,,,,,,,,,,,
19-11-2020,204.206894,-0.006308122,,,,,,,,,,,,,,,,,,,,
20-11-2020,202.255432,0.009648502,,,,,,,,,,,,,,,,,,,,
23-11-2020,201.986206,0.001332893,,,,,,,,,,,,,,,,,,,,
24-11-2020,205.591263,-0.017535069,,,,,,,,,,,,,,,,,,,,
25-11-2020,205.600861,-4.67E-05,,,,,,,,,,,,,,,,,,,,
27-11-2020,206.908279,-0.006318829,,,,,,,,,,,,,,,,,,,,
30-11-2020,205.793137,0.005418752,,,,,,,,,,,,,,,,,,,,
01-12-2020,207.850403,-0.009897821,,,,,,,,,,,,,,,,,,,,
02-12-2020,207.042862,0.003900357,,,,,,,,,,,,,,,,,,,,
03-12-2020,205.956543,0.005274506,,,,,,,,,,,,,,,,,,,,
04-12-2020,206.071915,-0.000559863,,,,,,,,,,,,,,,,,,,,
07-12-2020,206.004608,0.000326726,,,,,,,,,,,,,,,,,,,,
08-12-2020,207.658127,-0.007962698,,,,,,,,,,,,,,,,,,,,
09-12-2020,203.610886,0.019877331,,,,,,,,,,,,,,,,,,,,
10-12-2020,202.380386,0.006080135,,,,,,,,,,,,,,,,,,,,
11-12-2020,205.01445,-0.012848187,,,,,,,,,,,,,,,,,,,,
14-12-2020,205.918137,-0.004388574,,,,,,,,,,,,,,,,,,,,
15-12-2020,205.85083,0.00032697,,,,,,,,,,,,,,,,,,,,
16-12-2020,210.801697,-0.023485897,,,,,,,,,,,,,,,,,,,,
17-12-2020,210.936279,-0.000638022,,,,,,,,,,,,,,,,,,,,
18-12-2020,210.138382,0.003797007,,,,,,,,,,,,,,,,,,,,
21-12-2020,213.983658,-0.017969952,,,,,,,,,,,,,,,,,,,,
22-12-2020,215.281479,-0.006028484,,,,,,,,,,,,,,,,,,,,
23-12-2020,212.474396,0.013211394,,,,,,,,,,,,,,,,,,,,
24-12-2020,214.137497,-0.00776651,,,,,,,,,,,,,,,,,,,,
28-12-2020,216.262085,-0.009824135,,,,,,,,,,,,,,,,,,,,
29-12-2020,215.483383,0.003613745,,,,,,,,,,,,,,,,,,,,
30-12-2020,213.108887,0.011142173,,,,,,,,,,,,,,,,,,,,
31-12-2020,213.820251,-0.003326925,,,,,,,,,,,,,,,,,,,,
04-01-2021,209.273148,0.021728077,,,,,,,,,,,,,,,,,,,,
05-01-2021,209.475021,-0.000963709,,,,,,,,,,,,,,,,,,,,
06-01-2021,204.043488,0.026619487,,,,,,,,,,,,,,,,,,,,
07-01-2021,209.84996,-0.027669636,,,,,,,,,,,,,,,,,,,,
08-01-2021,211.12854,-0.006055932,,,,,,,,,,,,,,,,,,,,
11-01-2021,209.080887,0.009793592,,,,,,,,,,,,,,,,,,,,
12-01-2021,206.619888,0.011910756,,,,,,,,,,,,,,,,,,,,
13-01-2021,207.975357,-0.00651745,,,,,,,,,,,,,,,,,,,,
14-01-2021,204.783691,0.015585548,,,,,,,,,,,,,,,,,,,,
15-01-2021,204.428024,0.001739815,,,,,,,,,,,,,,,,,,,,
19-01-2021,208.071472,-0.01751056,,,,,,,,,,,,,,,,,,,,
20-01-2021,215.666046,-0.035214509,,,,,,,,,,,,,,,,,,,,
21-01-2021,216.271667,-0.002800279,,,,,,,,,,,,,,,,,,,,
22-01-2021,217.213791,-0.004337312,,,,,,,,,,,,,,,,,,,,
25-01-2021,220.65538,-0.015597123,,,,,,,,,,,,,,,,,,,,
26-01-2021,223.347122,-0.012051832,,,,,,,,,,,,,,,,,,,,
27-01-2021,223.895035,-0.002447187,,,,,,,,,,,,,,,,,,,,
28-01-2021,229.69194,-0.025237738,,,,,,,,,,,,,,,,,,,,
29-01-2021,222.991425,0.030048308,,,,,,,,,,,,,,,,,,,,
01-02-2021,230.384094,-0.032088452,,,,,,,,,,,,,,,,,,,,
02-02-2021,230.249481,0.00058464,,,,,,,,,,,,,,,,,,,,
03-02-2021,233.604584,-0.014362317,,,,,,,,,,,,,,,,,,,,
04-02-2021,232.652832,0.004090868,,,,,,,,,,,,,,,,,,,,
05-02-2021,232.835495,-0.000784515,,,,,,,,,,,,,,,,,,,,
08-02-2021,233.095047,-0.001113503,,,,,,,,,,,,,,,,,,,,
09-02-2021,234.344803,-0.005332979,,,,,,,,,,,,,,,,,,,,
10-02-2021,233.431549,0.003912299,,,,,,,,,,,,,,,,,,,,
11-02-2021,235.036942,-0.006830386,,,,,,,,,,,,,,,,,,,,
12-02-2021,235.517639,-0.002041023,,,,,,,,,,,,,,,,,,,,
16-02-2021,234.277481,0.005293543,,,,,,,,,,,,,,,,,,,,
17-02-2021,235.298813,-0.004340574,,,,,,,,,,,,,,,,,,,,
18-02-2021,234.903793,0.001681625,,,,,,,,,,,,,,,,,,,,
19-02-2021,232.186615,0.011702561,,,,,,,,,,,,,,,,,,,,
22-02-2021,225.962051,0.027546944,,,,,,,,,,,,,,,,,,,,
23-02-2021,224.767288,0.005315556,,,,,,,,,,,,,,,,,,,,
24-02-2021,226.000641,-0.005457299,,,,,,,,,,,,,,,,,,,,
25-02-2021,220.64325,0.024280784,,,,,,,,,,,,,,,,,,,,
26-02-2021,223.909668,-0.014588106,,,,,,,,,,,,,,,,,,,,
01-03-2021,228.303528,-0.019245695,,,,,,,,,,,,,,,,,,,,
02-03-2021,225.345398,0.013127093,,,,,,,,,,,,,,,,,,,,
03-03-2021,219.265366,0.027729103,,,,,,,,,,,,,,,,,,,,
04-03-2021,218.465622,0.003660732,,,,,,,,,,,,,,,,,,,,
05-03-2021,223.158142,-0.021027779,,,,,,,,,,,,,,,,,,,,
08-03-2021,219.101608,0.018514396,,,,,,,,,,,,,,,,,,,,
09-03-2021,225.258636,-0.02733315,,,,,,,,,,,,,,,,,,,,
10-03-2021,223.948257,0.005851258,,,,,,,,,,,,,,,,,,,,
11-03-2021,228.486572,-0.019862502,,,,,,,,,,,,,,,,,,,,
12-03-2021,227.156891,0.00585358,,,,,,,,,,,,,,,,,,,,
15-03-2021,226.251129,0.004003348,,,,,,,,,,,,,,,,,,,,
16-03-2021,229.045425,-0.012199746,,,,,,,,,,,,,,,,,,,,
17-03-2021,228.399826,0.002826618,,,,,,,,,,,,,,,,,,,,
18-03-2021,222.310196,0.027392491,,,,,,,,,,,,,,,,,,,,
19-03-2021,221.95372,0.001606083,,,,,,,,,,,,,,,,,,,,
22-03-2021,227.388107,-0.02389917,,,,,,,,,,,,,,,,,,,,
23-03-2021,228.920166,-0.006692547,,,,,,,,,,,,,,,,,,,,
24-03-2021,226.877441,0.00900365,,,,,,,,,,,,,,,,,,,,
25-03-2021,223.87114,0.013428712,,,,,,,,,,,,,,,,,,,,
26-03-2021,227.860245,-0.017506806,,,,,,,,,,,,,,,,,,,,
29-03-2021,226.665436,0.005271245,,,,,,,,,,,,,,,,,,,,
30-03-2021,223.399002,0.014621525,,,,,,,,,,,,,,,,,,,,
31-03-2021,227.176147,-0.016626503,,,,,,,,,,,,,,,,,,,,
01-04-2021,233.516296,-0.027150778,,,,,,,,,,,,,,,,,,,,
05-04-2021,239.991333,-0.026980295,,,,,,,,,,,,,,,,,,,,
06-04-2021,238.825485,0.00488159,,,,,,,,,,,,,,,,,,,,
07-04-2021,240.791107,-0.008163184,,,,,,,,,,,,,,,,,,,,
08-04-2021,244.018967,-0.013227906,,,,,,,,,,,,,,,,,,,,
09-04-2021,246.524231,-0.010162344,,,,,,,,,,,,,,,,,,,,
12-04-2021,246.582016,-0.000234344,,,,,,,,,,,,,,,,,,,,
13-04-2021,249.067963,-0.009980999,,,,,,,,,,,,,,,,,,,,
14-04-2021,246.273697,0.011346181,,,,,,,,,,,,,,,,,,,,
15-04-2021,250.041168,-0.015067403,,,,,,,,,,,,,,,,,,,,
16-04-2021,251.236008,-0.004755847,,,,,,,,,,,,,,,,,,,,
19-04-2021,249.308884,0.007729865,,,,,,,,,,,,,,,,,,,,
20-04-2021,248.846405,0.001858492,,,,,,,,,,,,,,,,,,,,
21-04-2021,251.081741,-0.008902822,,,,,,,,,,,,,,,,,,,,
22-04-2021,247.796127,0.013259344,,,,,,,,,,,,,,,,,,,,
23-04-2021,251.631012,-0.015240113,,,,,,,,,,,,,,,,,,,,
26-04-2021,252.016418,-0.001529289,,,,,,,,,,,,,,,,,,,,
27-04-2021,252.421158,-0.001603431,,,,,,,,,,,,,,,,,,,,
28-04-2021,245.281219,0.029109196,,,,,,,,,,,,,,,,,,,,
29-04-2021,243.305969,0.008118379,,,,,,,,,,,,,,,,,,,,
30-04-2021,242.987991,0.001308616,,,,,,,,,,,,,,,,,,,,
03-05-2021,242.679642,0.001270601,,,,,,,,,,,,,,,,,,,,
04-05-2021,238.758011,0.016425128,,,,,,,,,,,,,,,,,,,,
05-05-2021,237.486084,0.005355796,,,,,,,,,,,,,,,,,,,,
06-05-2021,240.627304,-0.013054296,,,,,,,,,,,,,,,,,,,,
07-05-2021,243.257767,-0.01081348,,,,,,,,,,,,,,,,,,,,
10-05-2021,238.170212,0.021361005,,,,,,,,,,,,,,,,,,,,
11-05-2021,237.254837,0.003858193,,,,,,,,,,,,,,,,,,,,
12-05-2021,230.288391,0.030250965,,,,,,,,,,,,,,,,,,,,
13-05-2021,234.171494,-0.016582304,,,,,,,,,,,,,,,,,,,,
14-05-2021,239.104889,-0.020632765,,,,,,,,,,,,,,,,,,,,
17-05-2021,236.243118,0.012113669,,,,,,,,,,,,,,,,,,,,
18-05-2021,234.219696,0.008638992,,,,,,,,,,,,,,,,,,,,
19-05-2021,234.799179,-0.002467994,,,,,,,,,,,,,,,,,,,,
20-05-2021,238.044144,-0.013631778,,,,,,,,,,,,,,,,,,,,
21-05-2021,236.778992,0.005343177,,,,,,,,,,,,,,,,,,,,
24-05-2021,242.196991,-0.022370216,,,,,,,,,,,,,,,,,,,,
25-05-2021,243.104843,-0.003734405,,,,,,,,,,,,,,,,,,,,
26-05-2021,242.88269,0.000914651,,,,,,,,,,,,,,,,,,,,
27-05-2021,240.777328,0.008744021,,,,,,,,,,,,,,,,,,,,
28-05-2021,241.134628,-0.001481745,,,,,,,,,,,,,,,,,,,,
01-06-2021,238.932648,0.009215903,,,,,,,,,,,,,,,,,,,,
02-06-2021,238.836105,0.000404223,,,,,,,,,,,,,,,,,,,,
03-06-2021,237.300522,0.006471048,,,,,,,,,,,,,,,,,,,,
04-06-2021,242.20668,-0.02025608,,,,,,,,,,,,,,,,,,,,
07-06-2021,245.123276,-0.011898487,,,,,,,,,,,,,,,,,,,,
08-06-2021,243.92572,0.004909511,,,,,,,,,,,,,,,,,,,,
09-06-2021,244.910782,-0.004022126,,,,,,,,,,,,,,,,,,,,
10-06-2021,248.435883,-0.014189178,,,,,,,,,,,,,,,,,,,,
11-06-2021,249.063675,-0.002520608,,,,,,,,,,,,,,,,,,,,
14-06-2021,250.995163,-0.00769532,,,,,,,,,,,,,,,,,,,,
15-06-2021,249.517563,0.005921828,,,,,,,,,,,,,,,,,,,,
16-06-2021,248.571091,0.003807651,,,,,,,,,,,,,,,,,,,,
17-06-2021,251.970612,-0.013491736,,,,,,,,,,,,,,,,,,,,
18-06-2021,250.550949,0.005666165,,,,,,,,,,,,,,,,,,,,
21-06-2021,253.641388,-0.012184285,,,,,,,,,,,,,,,,,,,,
22-06-2021,256.422852,-0.010847177,,,,,,,,,,,,,,,,,,,,
23-06-2021,256.191071,0.000904719,,,,,,,,,,,,,,,,,,,,
24-06-2021,257.5625,-0.005324645,,,,,,,,,,,,,,,,,,,,
25-06-2021,255.949615,0.006301572,,,,,,,,,,,,,,,,,,,,
28-06-2021,259.52298,-0.013768973,,,,,,,,,,,,,,,,,,,,
29-06-2021,262.111237,-0.009874651,,,,,,,,,,,,,,,,,,,,
30-06-2021,261.628387,0.001845557,,,,,,,,,,,,,,,,,,,,
01-07-2021,262.304413,-0.002577257,,,,,,,,,,,,,,,,,,,,
02-07-2021,268.1474,-0.021790206,,,,,,,,,,,,,,,,,,,,
06-07-2021,268.156952,-3.56E-05,,,,,,,,,,,,,,,,,,,,
07-07-2021,270.349243,-0.008109107,,,,,,,,,,,,,,,,,,,,
08-07-2021,267.925232,0.009047341,,,,,,,,,,,,,,,,,,,,
09-07-2021,268.427429,-0.001870886,,,,,,,,,,,,,,,,,,,,
12-07-2021,267.828583,0.00223593,,,,,,,,,,,,,,,,,,,,
13-07-2021,271.363403,-0.013026149,,,,,,,,,,,,,,,,,,,,
14-07-2021,272.841034,-0.005415721,,,,,,,,,,,,,,,,,,,,
15-07-2021,271.411713,0.005266247,,,,,,,,,,,,,,,,,,,,
16-07-2021,271.141266,0.000997439,,,,,,,,,,,,,,,,,,,,
19-07-2021,267.529175,0.013501671,,,,,,,,,,,,,,,,,,,,
20-07-2021,269.760162,-0.008270261,,,,,,,,,,,,,,,,,,,,
21-07-2021,271.769012,-0.007391755,,,,,,,,,,,,,,,,,,,,
22-07-2021,276.346771,-0.01656527,,,,,,,,,,,,,,,,,,,,
23-07-2021,279.755981,-0.01218637,,,,,,,,,,,,,,,,,,,,
26-07-2021,279.157196,0.002144974,,,,,,,,,,,,,,,,,,,,
27-07-2021,276.733124,0.008759602,,,,,,,,,,,,,,,,,,,,
28-07-2021,276.423981,0.001118365,,,,,,,,,,,,,,,,,,,,
29-07-2021,276.694458,-0.00097753,,,,,,,,,,,,,,,,,,,,
30-07-2021,275.158875,0.005580714,,,,,,,,,,,,,,,,,,,,
02-08-2021,275.071991,0.000315859,,,,,,,,,,,,,,,,,,,,
03-08-2021,277.293243,-0.00801048,,,,,,,,,,,,,,,,,,,,
04-08-2021,276.704132,0.002129029,,,,,,,,,,,,,,,,,,,,
05-08-2021,279.611084,-0.010396412,,,,,,,,,,,,,,,,,,,,
06-08-2021,279.553162,0.000207195,,,,,,,,,,,,,,,,,,,,
09-08-2021,278.461853,0.003919061,,,,,,,,,,,,,,,,,,,,
10-08-2021,276.636505,0.006598363,,,,,,,,,,,,,,,,,,,,
11-08-2021,277.129089,-0.001777453,,,,,,,,,,,,,,,,,,,,
12-08-2021,279.891174,-0.009868425,,,,,,,,,,,,,,,,,,,,
13-08-2021,282.827148,-0.010380807,,,,,,,,,,,,,,,,,,,,
16-08-2021,284.517212,-0.005940112,,,,,,,,,,,,,,,,,,,,
17-08-2021,283.049194,0.005186441,,,,,,,,,,,,,,,,,,,,
18-08-2021,281.31723,0.006156623,,,,,,,,,,,,,,,,,,,,
19-08-2021,287.161713,-0.020352584,,,,,,,,,,,,,,,,,,,,
20-08-2021,294.505859,-0.024937181,,,,,,,,,,,,,,,,,,,,
23-08-2021,294.786499,-0.000952011,,,,,,,,,,,,,,,,,,,,
24-08-2021,292.822296,0.006707833,,,,,,,,,,,,,,,,,,,,
25-08-2021,292.232056,0.002019765,,,,,,,,,,,,,,,,,,,,
26-08-2021,289.406555,0.009763086,,,,,,,,,,,,,,,,,,,,
27-08-2021,290.016113,-0.002101807,,,,,,,,,,,,,,,,,,,,
30-08-2021,293.760834,-0.012747516,,,,,,,,,,,,,,,,,,,,
31-08-2021,292.106201,0.005664491,,,,,,,,,,,,,,,,,,,,
01-09-2021,292.057739,0.000165933,,,,,,,,,,,,,,,,,,,,
02-09-2021,291.39975,0.002258029,,,,,,,,,,,,,,,,,,,,
03-09-2021,291.390137,3.30E-05,,,,,,,,,,,,,,,,,,,,
07-09-2021,290.461273,0.003197893,,,,,,,,,,,,,,,,,,,,
08-09-2021,290.490265,-9.98E-05,,,,,,,,,,,,,,,,,,,,
09-09-2021,287.626099,0.009957949,,,,,,,,,,,,,,,,,,,,
10-09-2021,286.135895,0.005208029,,,,,,,,,,,,,,,,,,,,
13-09-2021,287.374542,-0.004310218,,,,,,,,,,,,,,,,,,,,
14-09-2021,290.083893,-0.009339888,,,,,,,,,,,,,,,,,,,,
15-09-2021,294.950989,-0.016501372,,,,,,,,,,,,,,,,,,,,
16-09-2021,295.338043,-0.001310546,,,,,,,,,,,,,,,,,,,,
17-09-2021,290.161316,0.017840859,,,,,,,,,,,,,,,,,,,,
20-09-2021,284.771606,0.01892643,,,,,,,,,,,,,,,,,,,,
21-09-2021,285.255402,-0.00169601,,,,,,,,,,,,,,,,,,,,
22-09-2021,288.912964,-0.012659737,,,,,,,,,,,,,,,,,,,,
23-09-2021,289.861359,-0.003271892,,,,,,,,,,,,,,,,,,,,
24-09-2021,289.658081,0.000701786,,,,,,,,,,,,,,,,,,,,
27-09-2021,284.645905,0.01760846,,,,,,,,,,,,,,,,,,,,
28-09-2021,274.340668,0.037563651,,,,,,,,,,,,,,,,,,,,
29-09-2021,274.805084,-0.001689983,,,,,,,,,,,,,,,,,,,,
30-09-2021,272.79248,0.007377784,,,,,,,,,,,,,,,,,,,,
01-10-2021,279.73996,-0.024835494,,,,,,,,,,,,,,,,,,,,
04-10-2021,273.943878,0.021157918,,,,,,,,,,,,,,,,,,,,
05-10-2021,279.41098,-0.019566525,,,,,,,,,,,,,,,,,,,,
06-10-2021,283.620056,-0.014840544,,,,,,,,,,,,,,,,,,,,
07-10-2021,285.303833,-0.005901698,,,,,,,,,,,,,,,,,,,,
08-10-2021,285.303833,0,,,,,,,,,,,,,,,,,,,,
11-10-2021,284.703918,0.002107154,,,,,,,,,,,,,,,,,,,,
12-10-2021,283.397583,0.004609549,,,,,,,,,,,,,,,,,,,,
13-10-2021,286.716614,-0.011575998,,,,,,,,,,,,,,,,,,,,
14-10-2021,292.947998,-0.021271297,,,,,,,,,,,,,,,,,,,,
15-10-2021,294.360718,-0.004799282,,,,,,,,,,,,,,,,,,,,
18-10-2021,297.341064,-0.010023325,,,,,,,,,,,,,,,,,,,,
19-10-2021,298.25061,-0.003049603,,,,,,,,,,,,,,,,,,,,
20-10-2021,297.457123,0.002667568,,,,,,,,,,,,,,,,,,,,
21-10-2021,300.69873,-0.010780248,,,,,,,,,,,,,,,,,,,,
22-10-2021,299.150513,0.005175378,,,,,,,,,,,,,,,,,,,,
25-10-2021,298.15387,0.003342714,,,,,,,,,,,,,,,,,,,,
26-10-2021,300.069763,-0.006384825,,,,,,,,,,,,,,,,,,,,
27-10-2021,312.70694,-0.040412205,,,,,,,,,,,,,,,,,,,,
28-10-2021,313.848694,-0.003637912,,,,,,,,,,,,,,,,,,,,
29-10-2021,320.883331,-0.021922725,,,,,,,,,,,,,,,,,,,,
01-11-2021,318.706177,0.006831226,,,,,,,,,,,,,,,,,,,,
02-11-2021,322.344513,-0.011287104,,,,,,,,,,,,,,,,,,,,
03-11-2021,323.186279,-0.002604585,,,,,,,,,,,,,,,,,,,,
04-11-2021,325.547272,-0.007252381,,,,,,,,,,,,,,,,,,,,
05-11-2021,325.179596,0.001130686,,,,,,,,,,,,,,,,,,,,
08-11-2021,326.079468,-0.002759671,,,,,,,,,,,,,,,,,,,,
09-11-2021,325.073181,0.003095571,,,,,,,,,,,,,,,,,,,,
10-11-2021,320.089874,0.015568462,,,,,,,,,,,,,,,,,,,,
11-11-2021,321.667084,-0.004903237,,,,,,,,,,,,,,,,,,,,
12-11-2021,325.818268,-0.012740796,,,,,,,,,,,,,,,,,,,,
15-11-2021,325.18927,0.001934252,,,,,,,,,,,,,,,,,,,,
16-11-2021,328.517883,-0.010132212,,,,,,,,,,,,,,,,,,,,
17-11-2021,328.740845,-0.00067823,,,,,,,,,,,,,,,,,,,,
18-11-2021,330.824982,-0.006299817,,,,,,,,,,,,,,,,,,,,
19-11-2021,332.608734,-0.005362914,,,,,,,,,,,,,,,,,,,,
22-11-2021,329.429108,0.009651928,,,,,,,,,,,,,,,,,,,,
23-11-2021,327.34491,0.006366978,,,,,,,,,,,,,,,,,,,,
24-11-2021,327.567871,-0.000680656,,,,,,,,,,,,,,,,,,,,
26-11-2021,319.589752,0.024963626,,,,,,,,,,,,,,,,,,,,
29-11-2021,326.327087,-0.020645957,,,,,,,,,,,,,,,,,,,,
30-11-2021,320.471893,0.018270538,,,,,,,,,,,,,,,,,,,,
01-12-2021,319.977478,0.001545156,,,,,,,,,,,,,,,,,,,,
02-12-2021,319.405579,0.00179051,,,,,,,,,,,,,,,,,,,,
03-12-2021,313.123871,0.020061415,,,,,,,,,,,,,,,,,,,,
06-12-2021,316.206543,-0.009748919,,,,,,,,,,,,,,,,,,,,
07-12-2021,324.669342,-0.026065901,,,,,,,,,,,,,,,,,,,,
08-12-2021,324.717896,-0.000149527,,,,,,,,,,,,,,,,,,,,
09-12-2021,322.90509,0.005614052,,,,,,,,,,,,,,,,,,,,
10-12-2021,332.056152,-0.027558779,,,,,,,,,,,,,,,,,,,,
13-12-2021,329.012268,0.009251582,,,,,,,,,,,,,,,,,,,,
14-12-2021,318.290771,0.033684599,,,,,,,,,,,,,,,,,,,,
15-12-2021,324.407654,-0.018855545,,,,,,,,,,,,,,,,,,,,
16-12-2021,314.956055,0.030009263,,,,,,,,,,,,,,,,,,,,
17-12-2021,313.889771,0.003397001,,,,,,,,,,,,,,,,,,,,
20-12-2021,310.118774,0.012159848,,,,,,,,,,,,,,,,,,,,
21-12-2021,317.272949,-0.02254896,,,,,,,,,,,,,,,,,,,,
22-12-2021,323.002106,-0.017737213,,,,,,,,,,,,,,,,,,,,
23-12-2021,324.446442,-0.004451693,,,,,,,,,,,,,,,,,,,,
27-12-2021,331.968933,-0.022660226,,,,,,,,,,,,,,,,,,,,
28-12-2021,330.805634,0.003516563,,,,,,,,,,,,,,,,,,,,
29-12-2021,331.484253,-0.002047213,,,,,,,,,,,,,,,,,,,,
30-12-2021,328.934723,0.007750869,,,,,,,,,,,,,,,,,,,,
31-12-2021,326.026581,0.008919954,,,,,,,,,,,,,,,,,,,,
03-01-2022,324.504608,0.004690143,,,,,,,,,,,,,,,,,,,,
04-01-2022,318.940308,0.017446211,,,,,,,,,,,,,,,,,,,,
05-01-2022,306.696899,0.039920224,,,,,,,,,,,,,,,,,,,,
06-01-2022,304.273376,0.007964953,,,,,,,,,,,,,,,,,,,,
07-01-2022,304.428467,-0.00050945,,,,,,,,,,,,,,,,,,,,
10-01-2022,304.651398,-0.000731758,,,,,,,,,,,,,,,,,,,,
11-01-2022,305.339691,-0.002254188,,,,,,,,,,,,,,,,,,,,
12-01-2022,308.529022,-0.010337216,,,,,,,,,,,,,,,,,,,,
13-01-2022,295.471252,0.04419303,,,,,,,,,,,,,,,,,,,,
14-01-2022,300.705994,-0.017408173,,,,,,,,,,,,,,,,,,,,
18-01-2022,293.387054,0.024946363,,,,,,,,,,,,,,,,,,,,
19-01-2022,294.046204,-0.002241655,,,,,,,,,,,,,,,,,,,,
20-01-2022,292.369141,0.005736115,,,,,,,,,,,,,,,,,,,,
21-01-2022,286.969635,0.0188156,,,,,,,,,,,,,,,,,,,,
24-01-2022,287.299255,-0.001147305,,,,,,,,,,,,,,,,,,,,
25-01-2022,279.660492,0.027314416,,,,,,,,,,,,,,,,,,,,
26-01-2022,287.628815,-0.027703493,,,,,,,,,,,,,,,,,,,,
27-01-2022,290.663086,-0.010439134,,,,,,,,,,,,,,,,,,,,
28-01-2022,298.825409,-0.027314689,,,,,,,,,,,,,,,,,,,,
31-01-2022,301.462158,-0.008746534,,,,,,,,,,,,,,,,,,,,
01-02-2022,299.310028,0.007190304,,,,,,,,,,,,,,,,,,,,
02-02-2022,303.86618,-0.014993942,,,,,,,,,,,,,,,,,,,,
03-02-2022,292.029877,0.040531137,,,,,,,,,,,,,,,,,,,,
04-02-2022,296.576385,-0.015329973,,,,,,,,,,,,,,,,,,,,
07-02-2022,291.739075,0.016580947,,,,,,,,,,,,,,,,,,,,
08-02-2022,295.238556,-0.011853062,,,,,,,,,,,,,,,,,,,,
09-02-2022,301.685059,-0.02136832,,,,,,,,,,,,,,,,,,,,
10-02-2022,293.125336,0.02920158,,,,,,,,,,,,,,,,,,,,
11-02-2022,286.01004,0.024877784,,,,,,,,,,,,,,,,,,,,
14-02-2022,285.97113,0.000136063,,,,,,,,,,,,,,,,,,,,
15-02-2022,291.273804,-0.018205118,,,,,,,,,,,,,,,,,,,,
16-02-2022,290.933838,0.001168534,,,,,,,,,,,,,,,,,,,,
17-02-2022,282.414612,0.03016567,,,,,,,,,,,,,,,,,,,,
18-02-2022,279.694733,0.009724456,,,,,,,,,,,,,,,,,,,,
22-02-2022,279.490692,0.000730046,,,,,,,,,,,,,,,,,,,,
23-02-2022,272.253876,0.026581131,,,,,,,,,,,,,,,,,,,,
24-02-2022,286.164246,-0.048609741,,,,,,,,,,,,,,,,,,,,
25-02-2022,288.806458,-0.009148729,,,,,,,,,,,,,,,,,,,,
28-02-2022,290.24411,-0.004953251,,,,,,,,,,,,,,,,,,,,
01-03-2022,286.513977,0.013019026,,,,,,,,,,,,,,,,,,,,
02-03-2022,291.604034,-0.017455372,,,,,,,,,,,,,,,,,,,,
03-03-2022,287.456207,0.014429422,,,,,,,,,,,,,,,,,,,,
04-03-2022,281.569519,0.020906695,,,,,,,,,,,,,,,,,,,,
07-03-2022,270.932678,0.039260089,,,,,,,,,,,,,,,,,,,,
08-03-2022,267.960175,0.011093078,,,,,,,,,,,,,,,,,,,,
09-03-2022,280.248352,-0.043847455,,,,,,,,,,,,,,,,,,,,
10-03-2022,277.421661,0.01018915,,,,,,,,,,,,,,,,,,,,
11-03-2022,272.05957,0.019709253,,,,,,,,,,,,,,,,,,,,
14-03-2022,268.533356,0.013131382,,,,,,,,,,,,,,,,,,,,
15-03-2022,278.936981,-0.037297403,,,,,,,,,,,,,,,,,,,,
16-03-2022,285.969971,-0.024593456,,,,,,,,,,,,,,,,,,,,
17-03-2022,286.776184,-0.002811297,,,,,,,,,,,,,,,,,,,,
18-03-2022,291.837219,-0.017341979,,,,,,,,,,,,,,,,,,,,
21-03-2022,290.603516,0.004245313,,,,,,,,,,,,,,,,,,,,
22-03-2022,295.363342,-0.016115155,,,,,,,,,,,,,,,,,,,,
23-03-2022,290.924103,0.015259097,,,,,,,,,,,,,,,,,,,,
24-03-2022,295.402222,-0.015159395,,,,,,,,,,,,,,,,,,,,
25-03-2022,294.994263,0.001382939,,,,,,,,,,,,,,,,,,,,
28-03-2022,301.813446,-0.022594033,,,,,,,,,,,,,,,,,,,,
29-03-2022,306.388763,-0.014933044,,,,,,,,,,,,,,,,,,,,
30-03-2022,304.883057,0.004938635,,,,,,,,,,,,,,,,,,,,
31-03-2022,299.491821,0.01800128,,,,,,,,,,,,,,,,,,,,
01-04-2022,300.570068,-0.00358734,,,,,,,,,,,,,,,,,,,,
04-04-2022,305.961334,-0.017620743,,,,,,,,,,,,,,,,,,,,
05-04-2022,301.988342,0.013156111,,,,,,,,,,,,,,,,,,,,
06-04-2022,290.933838,0.037996625,,,,,,,,,,,,,,,,,,,,
07-04-2022,292.750244,-0.006204627,,,,,,,,,,,,,,,,,,,,
08-04-2022,288.476166,0.014816052,,,,,,,,,,,,,,,,,,,,
11-04-2022,277.101105,0.041050219,,,,,,,,,,,,,,,,,,,,
12-04-2022,273.992645,0.011345049,,,,,,,,,,,,,,,,,,,,
13-04-2022,279.393585,-0.019330938,,,,,,,,,,,,,,,,,,,,
14-04-2022,271.826385,0.027838357,,,,,,,,,,,,,,,,,,,,
18-04-2022,272.496613,-0.002459583,,,,,,,,,,,,,,,,,,,,
19-04-2022,277.139923,-0.016754389,,,,,,,,,,,,,,,,,,,,
20-04-2022,278.169647,-0.003701784,,,,,,,,,,,,,,,,,,,,
21-04-2022,272.778381,0.019764272,,,,,,,,,,,,,,,,,,,,
22-04-2022,266.192261,0.024741966,,,,,,,,,,,,,,,,,,,,
25-04-2022,272.690857,-0.023831367,,,,,,,,,,,,,,,,,,,,
26-04-2022,262.491272,0.038856854,,,,,,,,,,,,,,,,,,,,
27-04-2022,275.119415,-0.045900588,,,,,,,,,,,,,,,,,,,,
28-04-2022,281.34613,-0.022131867,,,,,,,,,,,,,,,,,,,,
29-04-2022,269.582367,0.04363699,,,,,,,,,,,,,,,,,,,,
02-05-2022,276.333679,-0.024431738,,,,,,,,,,,,,,,,,,,,
03-05-2022,273.720612,0.009546475,,,,,,,,,,,,,,,,,,,,
04-05-2022,281.686127,-0.028277981,,,,,,,,,,,,,,,,,,,,
05-05-2022,269.417297,0.04553839,,,,,,,,,,,,,,,,,,,,
06-05-2022,266.872223,0.009536676,,,,,,,,,,,,,,,,,,,,
09-05-2022,257.012573,0.03836252,,,,,,,,,,,,,,,,,,,,
10-05-2022,261.791901,-0.01825621,,,,,,,,,,,,,,,,,,,,
11-05-2022,253.097809,0.03435072,,,,,,,,,,,,,,,,,,,,
12-05-2022,248.046555,0.020364137,,,,,,,,,,,,,,,,,,,,
13-05-2022,253.65155,-0.022097224,,,,,,,,,,,,,,,,,,,,
16-05-2022,254.020676,-0.001453134,,,,,,,,,,,,,,,,,,,,
17-05-2022,259.188507,-0.019938504,,,,,,,,,,,,,,,,,,,,
18-05-2022,247.387756,0.047701435,,,,,,,,,,,,,,,,,,,,
19-05-2022,246.472488,0.003713469,,,,,,,,,,,,,,,,,,,,
20-05-2022,245.907776,0.002296438,,,,,,,,,,,,,,,,,,,,
23-05-2022,253.784653,-0.031037641,,,,,,,,,,,,,,,,,,,,
24-05-2022,252.781845,0.003967089,,,,,,,,,,,,,,,,,,,,
25-05-2022,255.605362,-0.011046392,,,,,,,,,,,,,,,,,,,,
26-05-2022,258.896454,-0.012712001,,,,,,,,,,,,,,,,,,,,
27-05-2022,266.04306,-0.026862591,,,,,,,,,,,,,,,,,,,,
31-05-2022,264.709137,0.005039203,,,,,,,,,,,,,,,,,,,,
01-06-2022,265.244629,-0.002018861,,,,,,,,,,,,,,,,,,,,
02-06-2022,267.347717,-0.007866489,,,,,,,,,,,,,,,,,,,,
03-06-2022,262.907867,0.016887475,,,,,,,,,,,,,,,,,,,,
06-06-2022,261.671356,0.004725435,,,,,,,,,,,,,,,,,,,,
07-06-2022,265.322571,-0.013761419,,,,,,,,,,,,,,,,,,,,
08-06-2022,263.287598,0.007729088,,,,,,,,,,,,,,,,,,,,
09-06-2022,257.815704,0.021224052,,,,,,,,,,,,,,,,,,,,
10-06-2022,246.326431,0.046642469,,,,,,,,,,,,,,,,,,,,
13-06-2022,235.879059,0.044291223,,,,,,,,,,,,,,,,,,,,
14-06-2022,238.050339,-0.009121096,,,,,,,,,,,,,,,,,,,,
15-06-2022,245.128845,-0.028876675,,,,,,,,,,,,,,,,,,,,
16-06-2022,238.5177,0.027717629,,,,,,,,,,,,,,,,,,,,
17-06-2022,241.12709,-0.010821638,,,,,,,,,,,,,,,,,,,,
21-06-2022,247.056702,-0.024001017,,,,,,,,,,,,,,,,,,,,
22-06-2022,246.462769,0.002409828,,,,,,,,,,,,,,,,,,,,
23-06-2022,252.041809,-0.022135375,,,,,,,,,,,,,,,,,,,,
24-06-2022,260.649017,-0.033022215,,,,,,,,,,,,,,,,,,,,
27-06-2022,257.913055,0.010608079,,,,,,,,,,,,,,,,,,,,
28-06-2022,249.724533,0.032790218,,,,,,,,,,,,,,,,,,,,
29-06-2022,253.404922,-0.014523747,,,,,,,,,,,,,,,,,,,,
30-06-2022,250.065292,0.013355032,,,,,,,,,,,,,,,,,,,,
01-07-2022,252.742828,-0.010593915,,,,,,,,,,,,,,,,,,,,
05-07-2022,255.926788,-0.012440902,,,,,,,,,,,,,,,,,,,,
06-07-2022,259.198242,-0.012621436,,,,,,,,,,,,,,,,,,,,
07-07-2022,261.330536,-0.008159376,,,,,,,,,,,,,,,,,,,,
08-07-2022,260.610016,0.002764744,,,,,,,,,,,,,,,,,,,,
11-07-2022,257.54303,0.011908635,,,,,,,,,,,,,,,,,,,,
12-07-2022,246.98851,0.042732838,,,,,,,,,,,,,,,,,,,,
13-07-2022,246.063522,0.003759143,,,,,,,,,,,,,,,,,,,,
14-07-2022,247.387756,-0.005352868,,,,,,,,,,,,,,,,,,,,
15-07-2022,249.958206,-0.010283519,,,,,,,,,,,,,,,,,,,,
18-07-2022,247.553284,0.009714765,,,,,,,,,,,,,,,,,,,,
19-07-2022,252.694183,-0.02034435,,,,,,,,,,,,,,,,,,,,
20-07-2022,255.361938,-0.010446956,,,,,,,,,,,,,,,,,,,,
21-07-2022,257.864349,-0.00970437,,,,,,,,,,,,,,,,,,,,
22-07-2022,253.502289,0.017207182,,,,,,,,,,,,,,,,,,,,
25-07-2022,252.012634,0.005911033,,,,,,,,,,,,,,,,,,,,
26-07-2022,245.265182,0.027510843,,,,,,,,,,,,,,,,,,,,
27-07-2022,261.66156,-0.06266254,,,,,,,,,,,,,,,,,,,,
28-07-2022,269.129608,-0.02774889,,,,,,,,,,,,,,,,,,,,
29-07-2022,273.345551,-0.015423492,,,,,,,,,,,,,,,,,,,,
01-08-2022,270.687378,0.009820085,,,,,,,,,,,,,,,,,,,,
02-08-2022,267.581482,0.011607291,,,,,,,,,,,,,,,,,,,,
03-08-2022,275.029938,-0.027082346,,,,,,,,,,,,,,,,,,,,
04-08-2022,276.178864,-0.004160079,,,,,,,,,,,,,,,,,,,,
05-08-2022,275.458313,0.002615826,,,,,,,,,,,,,,,,,,,,
08-08-2022,272.936615,0.009239134,,,,,,,,,,,,,,,,,,,,
09-08-2022,274.864441,-0.007013734,,,,,,,,,,,,,,,,,,,,
10-08-2022,281.543701,-0.023723706,,,,,,,,,,,,,,,,,,,,
11-08-2022,279.460083,0.00745587,,,,,,,,,,,,,,,,,,,,
12-08-2022,284.221252,-0.016751629,,,,,,,,,,,,,,,,,,,,
15-08-2022,285.740295,-0.005316167,,,,,,,,,,,,,,,,,,,,
16-08-2022,285.000214,0.002596773,,,,,,,,,,,,,,,,,,,,
17-08-2022,284.248901,0.002643152,,,,,,,,,,,,,,,,,,,,
18-08-2022,283.126831,0.003963136,,,,,,,,,,,,,,,,,,,,
19-08-2022,279.204437,0.014048466,,,,,,,,,,,,,,,,,,,,
22-08-2022,271.008331,0.030243004,,,,,,,,,,,,,,,,,,,,
23-08-2022,269.730133,0.004738803,,,,,,,,,,,,,,,,,,,,
24-08-2022,269.095917,0.00235684,,,,,,,,,,,,,,,,,,,,
25-08-2022,272.081604,-0.010973498,,,,,,,,,,,,,,,,,,,,
26-08-2022,261.582764,0.040135825,,,,,,,,,,,,,,,,,,,,
29-08-2022,258.792236,0.010782889,,,,,,,,,,,,,,,,,,,,
30-08-2022,256.587067,0.008594233,,,,,,,,,,,,,,,,,,,,
31-08-2022,255.123398,0.005737102,,,,,,,,,,,,,,,,,,,,
01-09-2022,254.079407,0.004108916,,,,,,,,,,,,,,,,,,,,
02-09-2022,249.844742,0.016949186,,,,,,,,,,,,,,,,,,,,
06-09-2022,247.102997,0.011095555,,,,,,,,,,,,,,,,,,,,
07-09-2022,251.825485,-0.018753019,,,,,,,,,,,,,,,,,,,,
08-09-2022,252.245071,-0.001663406,,,,,,,,,,,,,,,,,,,,
09-09-2022,258.040833,-0.022460639,,,,,,,,,,,,,,,,,,,,
12-09-2022,260.177673,-0.008213003,,,,,,,,,,,,,,,,,,,,
13-09-2022,245.873581,0.058176612,,,,,,,,,,,,,,,,,,,,
14-09-2022,246.097977,-0.000911816,,,,,,,,,,,,,,,,,,,,
15-09-2022,239.423996,0.027875155,,,,,,,,,,,,,,,,,,,,
16-09-2022,238.799561,0.002614892,,,,,,,,,,,,,,,,,,,,
19-09-2022,238.584915,0.000899663,,,,,,,,,,,,,,,,,,,,
20-09-2022,236.56514,0.008537923,,,,,,,,,,,,,,,,,,,,
21-09-2022,233.150116,0.014647318,,,,,,,,,,,,,,,,,,,,
22-09-2022,235.130798,-0.008423745,,,,,,,,,,,,,,,,,,,,
23-09-2022,232.145096,0.012861361,,,,,,,,,,,,,,,,,,,,
26-09-2022,231.686493,0.001979412,,,,,,,,,,,,,,,,,,,,
27-09-2022,230.671768,0.004399,,,,,,,,,,,,,,,,,,,,
28-09-2022,235.218658,-0.019330482,,,,,,,,,,,,,,,,,,,,
29-09-2022,231.73526,0.0150318,,,,,,,,,,,,,,,,,,,,
30-09-2022,227.246918,0.019750948,,,,,,,,,,,,,,,,,,,,
03-10-2022,234.896652,-0.032566382,,,,,,,,,,,,,,,,,,,,
04-10-2022,242.839066,-0.032706492,,,,,,,,,,,,,,,,,,,,
05-10-2022,243.151306,-0.001284139,,,,,,,,,,,,,,,,,,,,
06-10-2022,240.799774,0.009765508,,,,,,,,,,,,,,,,,,,,
07-10-2022,228.554413,0.053577443,,,,,,,,,,,,,,,,,,,,
10-10-2022,223.685516,0.021766707,,,,,,,,,,,,,,,,,,,,
11-10-2022,219.938721,0.017035631,,,,,,,,,,,,,,,,,,,,
12-10-2022,220.270462,-0.001506062,,,,,,,,,,,,,,,,,,,,
13-10-2022,228.554413,-0.036244984,,,,,,,,,,,,,,,,,,,,
14-10-2022,223.012253,0.02485137,,,,,,,,,,,,,,,,,,,,
17-10-2022,231.764526,-0.037763644,,,,,,,,,,,,,,,,,,,,
18-10-2022,232.711014,-0.004067225,,,,,,,,,,,,,,,,,,,,
19-10-2022,230.740051,0.00854192,,,,,,,,,,,,,,,,,,,,
20-10-2022,230.418045,0.001397486,,,,,,,,,,,,,,,,,,,,
21-10-2022,236.243134,-0.024657178,,,,,,,,,,,,,,,,,,,,
24-10-2022,241.248596,-0.02074815,,,,,,,,,,,,,,,,,,,,
25-10-2022,244.575867,-0.013604249,,,,,,,,,,,,,,,,,,,,
26-10-2022,225.705292,0.083607145,,,,,,,,,,,,,,,,,,,,
27-10-2022,221.246201,0.02015443,,,,,,,,,,,,,,,,,,,,
28-10-2022,230.144836,-0.038665369,,,,,,,,,,,,,,,,,,,,
31-10-2022,226.495636,0.016111569,,,,,,,,,,,,,,,,,,,,
01-11-2022,222.631744,0.01735553,,,,,,,,,,,,,,,,,,,,
02-11-2022,214.757629,0.036665124,,,,,,,,,,,,,,,,,,,,
03-11-2022,209.049591,0.027304708,,,,,,,,,,,,,,,,,,,,
04-11-2022,216.016312,-0.032250902,,,,,,,,,,,,,,,,,,,,
07-11-2022,222.339035,-0.028437305,,,,,,,,,,,,,,,,,,,,
08-11-2022,223.314743,-0.004369205,,,,,,,,,,,,,,,,,,,,
09-11-2022,219.060593,0.019419969,,,,,,,,,,,,,,,,,,,,
10-11-2022,237.082275,-0.076014464,,,,,,,,,,,,,,,,,,,,
11-11-2022,241.11203,-0.016713206,,,,,,,,,,,,,,,,,,,,
14-11-2022,235.686966,0.023018091,,,,,,,,,,,,,,,,,,,,
15-11-2022,236.096756,-0.001735687,,,,,,,,,,,,,,,,,,,,
16-11-2022,236.527313,-0.001820327,,,,,,,,,,,,,,,,,,,,
17-11-2022,236.478363,0.000206996,,,,,,,,,,,,,,,,,,,,
18-11-2022,236.02829,0.00190686,,,,,,,,,,,,,,,,,,,,
21-11-2022,236.840424,-0.003429035,,,,,,,,,,,,,,,,,,,,
22-11-2022,239.756287,-0.012161779,,,,,,,,,,,,,,,,,,,,
23-11-2022,242.251404,-0.010299701,,,,,,,,,,,,,,,,,,,,
25-11-2022,242.163345,0.000363635,,,,,,,,,,,,,,,,,,,,
28-11-2022,236.556671,0.023701187,,,,,,,,,,,,,,,,,,,,
29-11-2022,235.15741,0.005950316,,,,,,,,,,,,,,,,,,,,
30-11-2022,249.648727,-0.058046829,,,,,,,,,,,,,,,,,,,,
01-12-2022,249.208389,0.001766947,,,,,,,,,,,,,,,,,,,,
02-12-2022,249.531281,-0.001293994,,,,,,,,,,,,,,,,,,,,
05-12-2022,244.815002,0.019264665,,,,,,,,,,,,,,,,,,,,
06-12-2022,239.84433,0.020724576,,,,,,,,,,,,,,,,,,,,
07-12-2022,239.110504,0.003068983,,,,,,,,,,,,,,,,,,,,
08-12-2022,242.075256,-0.012247233,,,,,,,,,,,,,,,,,,,,
09-12-2022,240.137894,0.008067706,,,,,,,,,,,,,,,,,,,,
12-12-2022,247.075287,-0.028078053,,,,,,,,,,,,,,,,,,,,
13-12-2022,251.390381,-0.017164913,,,,,,,,,,,,,,,,,,,,
14-12-2022,251.683929,-0.001166336,,,,,,,,,,,,,,,,,,,,
15-12-2022,243.650604,0.032970676,,,,,,,,,,,,,,,,,,,,
16-12-2022,239.423584,0.017654986,,,,,,,,,,,,,,,,,,,,
19-12-2022,235.274841,0.017633602,,,,,,,,,,,,,,,,,,,,
20-12-2022,236.59581,-0.005583231,,,,,,,,,,,,,,,,,,,,
21-12-2022,239.169174,-0.010759597,,,,,,,,,,,,,,,,,,,,
22-12-2022,233.063492,0.026197505,,,,,,,,,,,,,,,,,,,,
23-12-2022,233.591858,-0.00226192,,,,,,,,,,,,,,,,,,,,
27-12-2022,231.859985,0.007469478,,,,,,,,,,,,,,,,,,,,
28-12-2022,229.482269,0.010361219,,,,,,,,,,,,,,,,,,,,
29-12-2022,235.822784,-0.026886779,,,,,,,,,,,,,,,,,,,,
30-12-2022,234.658417,0.004961966,,,,,,,,,,,,,,,,,,,,
03-01-2023,234.423569,0.001001811,,,,,,,,,,,,,,,,,,,,
04-01-2023,224.169128,0.045744216,,,,,,,,,,,,,,,,,,,,
05-01-2023,217.525299,0.030542788,,,,,,,,,,,,,,,,,,,,
06-01-2023,220.088898,-0.011648016,,,,,,,,,,,,,,,,,,,,
09-01-2023,222.231735,-0.009642354,,,,,,,,,,,,,,,,,,,,
10-01-2023,223.924545,-0.007559734,,,,,,,,,,,,,,,,,,,,
11-01-2023,230.695587,-0.029350548,,,,,,,,,,,,,,,,,,,,
12-01-2023,233.376617,-0.011487998,,,,,,,,,,,,,,,,,,,,
13-01-2023,234.0811,-0.003009568,,,,,,,,,,,,,,,,,,,,
17-01-2023,235.177002,-0.004659903,,,,,,,,,,,,,,,,,,,,
18-01-2023,230.734726,0.019252741,,,,,,,,,,,,,,,,,,,,
19-01-2023,226.938232,0.016729195,,,,,,,,,,,,,,,,,,,,
20-01-2023,235.049774,-0.034509891,,,,,,,,,,,,,,,,,,,,
23-01-2023,237.359009,-0.00972887,,,,,,,,,,,,,,,,,,,,
24-01-2023,236.830627,0.002231054,,,,,,,,,,,,,,,,,,,,
25-01-2023,235.431396,0.005943264,,,,,,,,,,,,,,,,,,,,
26-01-2023,242.662338,-0.029798369,,,,,,,,,,,,,,,,,,,,
27-01-2023,242.818893,-0.00064474,,,,,,,,,,,,,,,,,,,,
30-01-2023,237.486221,0.022454659,,,,,,,,,,,,,,,,,,,,
31-01-2023,242.476456,-0.020580287,,,,,,,,,,,,,,,,,,,,
01-02-2023,247.310104,-0.019544887,,,,,,,,,,,,,,,,,,,,
02-02-2023,258.90509,-0.044784697,,,,,,,,,,,,,,,,,,,,
03-02-2023,252.789612,0.024191967,,,,,,,,,,,,,,,,,,,,
06-02-2023,251.243576,0.006153534,,,,,,,,,,,,,,,,,,,,
07-02-2023,261.801422,-0.040327688,,,,,,,,,,,,,,,,,,,,
08-02-2023,260.989258,0.003111868,,,,,,,,,,,,,,,,,,,,
09-02-2023,257.946198,0.011797266,,,,,,,,,,,,,,,,,,,,
10-02-2023,257.437347,0.001976601,,,,,,,,,,,,,,,,,,,,
13-02-2023,265.480438,-0.03029636,,,,,,,,,,,,,,,,,,,,
14-02-2023,266.312164,-0.003123124,,,,,,,,,,,,,,,,,,,,
15-02-2023,264.183533,0.008057395,,,,,,,,,,,,,,,,,,,,
16-02-2023,257.150299,0.027350674,,,,,,,,,,,,,,,,,,,,
17-02-2023,253.138306,0.015849016,,,,,,,,,,,,,,,,,,,,
21-02-2023,247.851105,0.021332166,,,,,,,,,,,,,,,,,,,,
22-02-2023,246.713226,0.004612152,,,,,,,,,,,,,,,,,,,,
23-02-2023,249.911026,-0.012795754,,,,,,,,,,,,,,,,,,,,
24-02-2023,244.466904,0.022269362,,,,,,,,,,,,,,,,,,,,
27-02-2023,245.388962,-0.003757537,,,,,,,,,,,,,,,,,,,,
28-02-2023,244.663055,0.002966966,,,,,,,,,,,,,,,,,,,,
01-03-2023,241.573166,0.012790696,,,,,,,,,,,,,,,,,,,,
02-03-2023,246.320847,-0.019274378,,,,,,,,,,,,,,,,,,,,
03-03-2023,250.421112,-0.01637348,,,,,,,,,,,,,,,,,,,,
06-03-2023,251.971008,-0.006151089,,,,,,,,,,,,,,,,,,,,
07-03-2023,249.302872,0.010702388,,,,,,,,,,,,,,,,,,,,
08-03-2023,248.861435,0.001773826,,,,,,,,,,,,,,,,,,,,
09-03-2023,247.507782,0.005469133,,,,,,,,,,,,,,,,,,,,
10-03-2023,243.848923,0.015004614,,,,,,,,,,,,,,,,,,,,
13-03-2023,249.077225,-0.020990687,,,,,,,,,,,,,,,,,,,,
14-03-2023,255.816254,-0.02634324,,,,,,,,,,,,,,,,,,,,
15-03-2023,260.377563,-0.017518057,,,,,,,,,,,,,,,,,,,,
16-03-2023,270.932312,-0.038957144,,,,,,,,,,,,,,,,,,,,
17-03-2023,274.100708,-0.01155924,,,,,,,,,,,,,,,,,,,,
20-03-2023,267.038025,0.02644823,,,,,,,,,,,,,,,,,,,,
21-03-2023,268.558472,-0.005661512,,,,,,,,,,,,,,,,,,,,
22-03-2023,267.096954,0.005471863,,,,,,,,,,,,,,,,,,,,
23-03-2023,272.364471,-0.019339956,,,,,,,,,,,,,,,,,,,,
24-03-2023,275.218964,-0.010371716,,,,,,,,,,,,,,,,,,,,
27-03-2023,271.108887,0.015160244,,,,,,,,,,,,,,,,,,,,
28-03-2023,269.980865,0.004178155,,,,,,,,,,,,,,,,,,,,
29-03-2023,275.160095,-0.018822606,,,,,,,,,,,,,,,,,,,,
30-03-2023,278.632568,-0.012462552,,,,,,,,,,,,,,,,,,,,
31-03-2023,282.801514,-0.014741597,,,,,,,,,,,,,,,,,,,,
03-04-2023,281.751953,0.003725124,,,,,,,,,,,,,,,,,,,,
04-04-2023,281.702911,0.000174091,,,,,,,,,,,,,,,,,,,,
05-04-2023,278.917084,0.009988011,,,,,,,,,,,,,,,,,,,,
06-04-2023,286.038574,-0.024896957,,,,,,,,,,,,,,,,,,,,
10-04-2023,283.870789,0.00763652,,,,,,,,,,,,,,,,,,,,
11-04-2023,277.435822,0.023194434,,,,,,,,,,,,,,,,,,,,
12-04-2023,278.083313,-0.002328407,,,,,,,,,,,,,,,,,,,,
13-04-2023,284.312195,-0.021908599,,,,,,,,,,,,,,,,,,,,
14-04-2023,280.6828,0.012930593,,,,,,,,,,,,,,,,,,,,
17-04-2023,283.292023,-0.009210365,,,,,,,,,,,,,,,,,,,,
18-04-2023,282.870209,0.001491193,,,,,,,,,,,,,,,,,,,,
19-04-2023,282.948669,-0.000277294,,,,,,,,,,,,,,,,,,,,
20-04-2023,280.65332,0.008178592,,,,,,,,,,,,,,,,,,,,
21-04-2023,280.310028,0.001224687,,,,,,,,,,,,,,,,,,,,
24-04-2023,276.396057,0.014160734,,,,,,,,,,,,,,,,,,,,
25-04-2023,270.167236,0.023055427,,,,,,,,,,,,,,,,,,,,
26-04-2023,289.736694,-0.067542215,,,,,,,,,,,,,,,,,,,,
27-04-2023,299.016266,-0.03103367,,,,,,,,,,,,,,,,,,,,
28-04-2023,301.399963,-0.00790875,,,,,,,,,,,,,,,,,,,,
01-05-2023,299.73233,0.005563741,,,,,,,,,,,,,,,,,,,,
02-05-2023,299.585236,0.000490992,,,,,,,,,,,,,,,,,,,,
03-05-2023,298.594482,0.003318059,,,,,,,,,,,,,,,,,,,,
04-05-2023,299.585236,-0.003307086,,,,,,,,,,,,,,,,,,,,
05-05-2023,304.725311,-0.016867896,,,,,,,,,,,,,,,,,,,,
08-05-2023,302.763489,0.006479718,,,,,,,,,,,,,,,,,,,,
09-05-2023,301.144928,0.005374691,,,,,,,,,,,,,,,,,,,,
10-05-2023,306.353668,-0.017002375,,,,,,,,,,,,,,,,,,,,
11-05-2023,304.195587,0.007094386,,,,,,,,,,,,,,,,,,,,
12-05-2023,303.077393,0.003689467,,,,,,,,,,,,,,,,,,,,
15-05-2023,303.557983,-0.00158319,,,,,,,,,,,,,,,,,,,,
16-05-2023,305.794525,-0.007313872,,,,,,,,,,,,,,,,,,,,
17-05-2023,308.684723,-0.009362945,,,,,,,,,,,,,,,,,,,,
18-05-2023,313.128174,-0.014190518,,,,,,,,,,,,,,,,,,,,
19-05-2023,312.951263,0.000565299,,,,,,,,,,,,,,,,,,,,
22-05-2023,315.743195,-0.008842414,,,,,,,,,,,,,,,,,,,,
23-05-2023,309.923431,0.01877807,,,,,,,,,,,,,,,,,,,,
24-05-2023,308.537292,0.004492614,,,,,,,,,,,,,,,,,,,,
25-05-2023,320.402985,-0.037033653,,,,,,,,,,,,,,,,,,,,
26-05-2023,327.254944,-0.020937679,,,,,,,,,,,,,,,,,,,,
30-05-2023,325.603394,0.005072275,,,,,,,,,,,,,,,,,,,,
31-05-2023,322.831146,0.0085873,,,,,,,,,,,,,,,,,,,,
01-06-2023,326.950226,-0.012598493,,,,,,,,,,,,,,,,,,,,
02-06-2023,329.722504,-0.008407913,,,,,,,,,,,,,,,,,,,,
05-06-2023,330.253357,-0.001607411,,,,,,,,,,,,,,,,,,,,
06-06-2023,328.031647,0.006772853,,,,,,,,,,,,,,,,,,,,
07-06-2023,317.905975,0.031851153,,,,,,,,,,,,,,,,,,,,
08-06-2023,319.75415,-0.005779988,,,,,,,,,,,,,,,,,,,,
09-06-2023,321.25824,-0.004681872,,,,,,,,,,,,,,,,,,,,
12-06-2023,326.232544,-0.015247725,,,,,,,,,,,,,,,,,,,,
13-06-2023,328.631287,-0.007299192,,,,,,,,,,,,,,,,,,,,
14-06-2023,331.629669,-0.009041356,,,,,,,,,,,,,,,,,,,,
15-06-2023,342.20752,-0.030910633,,,,,,,,,,,,,,,,,,,,
16-06-2023,336.535156,0.01685519,,,,,,,,,,,,,,,,,,,,
20-06-2023,332.327637,0.012660756,,,,,,,,,,,,,,,,,,,,
21-06-2023,327.913635,0.013460868,,,,,,,,,,,,,,,,,,,,
22-06-2023,333.959503,-0.018103596,,,,,,,,,,,,,,,,,,,,
23-06-2023,329.348877,0.013999216,,,,,,,,,,,,,,,,,,,,
26-06-2023,323.037567,0.019537387,,,,,,,,,,,,,,,,,,,,
27-06-2023,328.906555,-0.017843937,,,,,,,,,,,,,,,,,,,,
28-06-2023,330.164917,-0.003811313,,,,,,,,,,,,,,,,,,,,
29-06-2023,329.378418,0.002387828,,,,,,,,,,,,,,,,,,,,
30-06-2023,334.775513,-0.016121535,,,,,,,,,,,,,,,,,,,,
03-07-2023,332.268707,0.007544514,,,,,,,,,,,,,,,,,,,,
05-07-2023,332.425934,-0.000472969,,,,,,,,,,,,,,,,,,,,
06-07-2023,335.493134,-0.009142363,,,,,,,,,,,,,,,,,,,,
07-07-2023,331.511688,0.012009972,,,,,,,,,,,,,,,,,,,,
10-07-2023,326.212952,0.016243181,,,,,,,,,,,,,,,,,,,,
11-07-2023,326.842102,-0.001924936,,,,,,,,,,,,,,,,,,,,
12-07-2023,331.492004,-0.014027192,,,,,,,,,,,,,,,,,,,,
13-07-2023,336.859589,-0.015934191,,,,,,,,,,,,,,,,,,,,
14-07-2023,339.395905,-0.007473031,,,,,,,,,,,,,,,,,,,,
17-07-2023,339.877625,-0.001417334,,,,,,,,,,,,,,,,,,,,
18-07-2023,353.404694,-0.038276427,,,,,,,,,,,,,,,,,,,,
19-07-2023,349.069336,0.012419762,,,,,,,,,,,,,,,,,,,,
20-07-2023,340.998322,0.023668779,,,,,,,,,,,,,,,,,,,,
21-07-2023,337.950775,0.009017725,,,,,,,,,,,,,,,,,,,,
24-07-2023,339.268097,-0.003882835,,,,,,,,,,,,,,,,,,,,
25-07-2023,345.038727,-0.016724586,,,,,,,,,,,,,,,,,,,,
26-07-2023,332.052399,0.039109273,,,,,,,,,,,,,,,,,,,,
27-07-2023,325.121735,0.021317135,,,,,,,,,,,,,,,,,,,,
28-07-2023,332.642242,-0.022608394,,,,,,,,,,,,,,,,,,,,
31-07-2023,330.233673,0.007293529,,,,,,,,,,,,,,,,,,,,
01-08-2023,330.646576,-0.001248774,,,,,,,,,,,,,,,,,,,,
02-08-2023,321.956207,0.026992395,,,,,,,,,,,,,,,,,,,,
03-08-2023,321.130432,0.002571463,,,,,,,,,,,,,,,,,,,,
04-08-2023,322.231445,-0.003416839,,,,,,,,,,,,,,,,,,,,
07-08-2023,324.521973,-0.00705816,,,,,,,,,,,,,,,,,,,,
08-08-2023,320.530762,0.012451881,,,,,,,,,,,,,,,,,,,,
09-08-2023,316.775452,0.011854801,,,,,,,,,,,,,,,,,,,,
10-08-2023,317.463531,-0.002167427,,,,,,,,,,,,,,,,,,,,
11-08-2023,315.57608,0.00598097,,,,,,,,,,,,,,,,,,,,
14-08-2023,318.554779,-0.009350665,,,,,,,,,,,,,,,,,,,,
15-08-2023,316.411682,0.006773129,,,,,,,,,,,,,,,,,,,,
16-08-2023,315.643311,0.002434302,,,,,,,,,,,,,,,,,,,,
17-08-2023,312.175507,0.011108508,,,,,,,,,,,,,,,,,,,,
18-08-2023,311.781464,0.001263844,,,,,,,,,,,,,,,,,,,,
21-08-2023,317.101257,-0.016776323,,,,,,,,,,,,,,,,,,,,
22-08-2023,317.672668,-0.001798741,,,,,,,,,,,,,,,,,,,,
23-08-2023,322.145355,-0.013884065,,,,,,,,,,,,,,,,,,,,
24-08-2023,315.219666,0.021970993,,,,,,,,,,,,,,,,,,,,
25-08-2023,318.184998,-0.009319522,,,,,,,,,,,,,,,,,,,,
28-08-2023,318.894287,-0.002224214,,,,,,,,,,,,,,,,,,,,
29-08-2023,323.534363,-0.014341834,,,,,,,,,,,,,,,,,,,,
30-08-2023,323.908752,-0.001155847,,,,,,,,,,,,,,,,,,,,
31-08-2023,322.894012,0.003142641,,,,,,,,,,,,,,,,,,,,
01-09-2023,323.78064,-0.00273836,,,,,,,,,,,,,,,,,,,,
05-09-2023,328.598022,-0.014660411,,,,,,,,,,,,,,,,,,,,
06-09-2023,327.937988,0.002012679,,,,,,,,,,,,,,,,,,,,
07-09-2023,325.012024,0.009002633,,,,,,,,,,,,,,,,,,,,
08-09-2023,329.307373,-0.013043586,,,,,,,,,,,,,,,,,,,,
11-09-2023,332.922882,-0.010859899,,,,,,,,,,,,,,,,,,,,
12-09-2023,326.844482,0.018597224,,,,,,,,,,,,,,,,,,,,
13-09-2023,331.07077,-0.012765512,,,,,,,,,,,,,,,,,,,,
14-09-2023,333.67157,-0.007794491,,,,,,,,,,,,,,,,,,,,
15-09-2023,325.317505,0.025679728,,,,,,,,,,,,,,,,,,,,
18-09-2023,324.174744,0.003525139,,,,,,,,,,,,,,,,,,,,
19-09-2023,323.770813,0.001247583,,,,,,,,,,,,,,,,,,,,
20-09-2023,316.007751,0.024566049,,,,,,,,,,,,,,,,,,,,
21-09-2023,314.786224,0.003880497,,,,,,,,,,,,,,,,,,,,
22-09-2023,312.303619,0.007949332,,,,,,,,,,,,,,,,,,,,
25-09-2023,312.825775,-0.001669159,,,,,,,,,,,,,,,,,,,,
26-09-2023,307.50592,0.017300008,,,,,,,,,,,,,,,,,,,,
27-09-2023,308.146271,-0.002078075,,,,,,,,,,,,,,,,,,,,
28-09-2023,308.983582,-0.002709888,,,,,,,,,,,,,,,,,,,,
29-09-2023,311.062286,-0.006682597,,,,,,,,,,,,,,,,,,,,
02-10-2023,317.022491,-0.018800575,,,,,,,,,,,,,,,,,,,,
03-10-2023,308.737366,0.026835511,,,,,,,,,,,,,,,,,,,,
04-10-2023,314.22464,-0.017462902,,,,,,,,,,,,,,,,,,,,
05-10-2023,314.618683,-0.001252446,,,,,,,,,,,,,,,,,,,,
06-10-2023,322.401459,-0.024140015,,,,,,,,,,,,,,,,,,,,
09-10-2023,324.923431,-0.007761742,,,,,,,,,,,,,,,,,,,,
10-10-2023,323.514648,0.004354619,,,,,,,,,,,,,,,,,,,,
11-10-2023,327.484802,-0.01212317,,,,,,,,,,,,,,,,,,,,
12-10-2023,326.2435,0.003804833,,,,,,,,,,,,,,,,,,,,
13-10-2023,322.864471,0.010465781,,,,,,,,,,,,,,,,,,,,
16-10-2023,327.701599,-0.01476077,,,,,,,,,,,,,,,,,,,,
17-10-2023,327.130219,0.001746644,,,,,,,,,,,,,,,,,,,,
18-10-2023,325.209045,0.005907505,,,,,,,,,,,,,,,,,,,,
19-10-2023,326.401184,-0.003652373,,,,,,,,,,,,,,,,,,,,
20-10-2023,321.82016,0.014234733,,,,,,,,,,,,,,,,,,,,
23-10-2023,324.430847,-0.008046975,,,,,,,,,,,,,,,,,,,,
24-10-2023,325.622894,-0.003660821,,,,,,,,,,,,,,,,,,,,
25-10-2023,335.612366,-0.02976491,,,,,,,,,,,,,,,,,,,,
26-10-2023,323.022095,0.038976501,,,,,,,,,,,,,,,,,,,,
27-10-2023,324.913574,-0.005821483,,,,,,,,,,,,,,,,,,,,
30-10-2023,332.302246,-0.022234794,,,,,,,,,,,,,,,,,,,,
31-10-2023,333.090332,-0.002365983,,,,,,,,,,,,,,,,,,,,
01-11-2023,340.93222,-0.023001311,,,,,,,,,,,,,,,,,,,,
02-11-2023,343.148743,-0.006459365,,,,,,,,,,,,,,,,,,,,
03-11-2023,347.562225,-0.012698394,,,,,,,,,,,,,,,,,,,,
06-11-2023,351.236908,-0.010462121,,,,,,,,,,,,,,,,,,,,
07-11-2023,355.177521,-0.01109477,,,,,,,,,,,,,,,,,,,,
08-11-2023,357.807831,-0.007351181,,,,,,,,,,,,,,,,,,,,
09-11-2023,355.335114,0.006958831,,,,,,,,,,,,,,,,,,,,
10-11-2023,364.181824,-0.024292014,,,,,,,,,,,,,,,,,,,,
13-11-2023,361.236176,0.008154355,,,,,,,,,,,,,,,,,,,,
14-11-2023,364.772888,-0.009695655,,,,,,,,,,,,,,,,,,,,
15-11-2023,364.920959,-0.000405762,,,,,,,,,,,,,,,,,,,,
16-11-2023,371.337433,-0.017279362,,,,,,,,,,,,,,,,,,,,
17-11-2023,365.098663,0.017087902,,,,,,,,,,,,,,,,,,,,
20-11-2023,372.591156,-0.020109154,,,,,,,,,,,,,,,,,,,,
21-11-2023,368.277313,0.011713572,,,,,,,,,,,,,,,,,,,,
22-11-2023,372.99588,-0.012650453,,,,,,,,,,,,,,,,,,,,
24-11-2023,372.581268,0.00111281,,,,,,,,,,,,,,,,,,,,
27-11-2023,373.746094,-0.003116624,,,,,,,,,,,,,,,,,,,,
28-11-2023,377.7836,-0.010687351,,,,,,,,,,,,,,,,,,,,
29-11-2023,373.983063,0.010162324,,,,,,,,,,,,,,,,,,,,
30-11-2023,374.042267,-0.000158282,,,,,,,,,,,,,,,,,,,,
01-12-2023,369.698822,0.011748604,,,,,,,,,,,,,,,,,,,,
04-12-2023,364.397797,0.014547357,,,,,,,,,,,,,,,,,,,,
05-12-2023,367.734314,-0.009073173,,,,,,,,,,,,,,,,,,,,
06-12-2023,364.062134,0.010086685,,,,,,,,,,,,,,,,,,,,
07-12-2023,366.18454,-0.005796001,,,,,,,,,,,,,,,,,,,,
08-12-2023,369.422394,-0.008764639,,,,,,,,,,,,,,,,,,,,
11-12-2023,366.530029,0.007891209,,,,,,,,,,,,,,,,,,,,
12-12-2023,369.570465,-0.008226945,,,,,,,,,,,,,,,,,,,,
13-12-2023,369.560577,2.68E-05,,,,,,,,,,,,,,,,,,,,
14-12-2023,361.229034,0.023064433,,,,,,,,,,,,,,,,,,,,
15-12-2023,365.967346,-0.012947363,,,,,,,,,,,,,,,,,,,,
18-12-2023,367.862671,-0.005152262,,,,,,,,,,,,,,,,,,,,
19-12-2023,368.464844,-0.001634275,,,,,,,,,,,,,,,,,,,,
20-12-2023,365.858765,0.007123183,,,,,,,,,,,,,,,,,,,,
21-12-2023,368.741241,-0.00781707,,,,,,,,,,,,,,,,,,,,
22-12-2023,369.767853,-0.002776369,,,,,,,,,,,,,,,,,,,,
26-12-2023,369.846863,-0.000213629,,,,,,,,,,,,,,,,,,,,
27-12-2023,369.264435,0.001577265,,,,,,,,,,,,,,,,,,,,
28-12-2023,370.458862,-0.003224183,,,,,,,,,,,,,,,,,,,,
29-12-2023,371.209137,-0.002021165,,,,,,,,,,,,,,,,,,,,
02-01-2024,366.10556,0.013940179,,,,,,,,,,,,,,,,,,,,
03-01-2024,365.83902,0.000728572,,,,,,,,,,,,,,,,,,,,
04-01-2024,363.213196,0.007229429,,,,,,,,,,,,,,,,,,,,
05-01-2024,363.025604,0.000516746,,,,,,,,,,,,,,,,,,,,
08-01-2024,369.876495,-0.018522104,,,,,,,,,,,,,,,,,,,,
09-01-2024,370.962341,-0.002927106,,,,,,,,,,,,,,,,,,,,
10-01-2024,377.852631,-0.01823539,,,,,,,,,,,,,,,,,,,,
11-01-2024,379.688782,-0.004835937,,,,,,,,,,,,,,,,,,,,
12-01-2024,383.479431,-0.009884882,,,,,,,,,,,,,,,,,,,,
16-01-2024,385.256287,-0.00461214,,,,,,,,,,,,,,,,,,,,
17-01-2024,384.466644,0.002053866,,,,,,,,,,,,,,,,,,,,
18-01-2024,388.810089,-0.011171122,,,,,,,,,,,,,,,,,,,,
19-01-2024,393.548431,-0.012040048,,,,,,,,,,,,,,,,,,,,
22-01-2024,391.416168,0.00544756,,,,,,,,,,,,,,,,,,,,
23-01-2024,393.775421,-0.005991367,,,,,,,,,,,,,,,,,,,,
24-01-2024,397.388428,-0.009091878,,,,,,,,,,,,,,,,,,,,
25-01-2024,399.668762,-0.00570556,,,,,,,,,,,,,,,,,,,,
26-01-2024,398.740814,0.002327196,,,,,,,,,,,,,,,,,,,,
29-01-2024,404.456421,-0.014131577,,,,,,,,,,,,,,,,,,,,
30-01-2024,403.340912,0.002765673,,,,,,,,,,,,,,,,,,,,
31-01-2024,392.472443,0.027692311,,,,,,,,,,,,,,,,,,,,
01-02-2024,398.592773,-0.015354844,,,,,,,,,,,,,,,,,,,,
02-02-2024,405.937164,-0.018092433,,,,,,,,,,,,,,,,,,,,
05-02-2024,400.438782,0.013730893,,,,,,,,,,,,,,,,,,,,
06-02-2024,400.280762,0.000394773,,,,,,,,,,,,,,,,,,,,
07-02-2024,408.730835,-0.020673931,,,,,,,,,,,,,,,,,,,,
08-02-2024,408.790009,-0.000144754,,,,,,,,,,,,,,,,,,,,
09-02-2024,415.147339,-0.015313431,,,,,,,,,,,,,,,,,,,,
12-02-2024,409.925323,0.012738945,,,,,,,,,,,,,,,,,,,,
13-02-2024,401.100159,0.022002395,,,,,,,,,,,,,,,,,,,,
14-02-2024,404.976898,-0.009572741,,,,,,,,,,,,,,,,,,,,
15-02-2024,402.079224,0.007206724,,,,,,,,,,,,,,,,,,,,
16-02-2024,399.606812,0.006187112,,,,,,,,,,,,,,,,,,,,
20-02-2024,398.350769,0.003153108,,,,,,,,,,,,,,,,,,,,
21-02-2024,397.747498,0.001516719,,,,,,,,,,,,,,,,,,,,
22-02-2024,407.113129,-0.023004984,,,,,,,,,,,,,,,,,,,,
23-02-2024,405.817566,0.003192476,,,,,,,,,,,,,,,,,,,,
26-02-2024,403.048431,0.006870477,,,,,,,,,,,,,,,,,,,,
27-02-2024,402.989105,0.000147215,,,,,,,,,,,,,,,,,,,,
28-02-2024,403.22644,-0.00058859,,,,,,,,,,,,,,,,,,,,
29-02-2024,409.081238,-0.014312067,,,,,,,,,,,,,,,,,,,,
01-03-2024,410.920685,-0.004476404,,,,,,,,,,,,,,,,,,,,
04-03-2024,410.347107,0.001397787,,,,,,,,,,,,,,,,,,,,
05-03-2024,398.212311,0.030473181,,,,,,,,,,,,,,,,,,,,
06-03-2024,397.658478,0.001392735,,,,,,,,,,,,,,,,,,,,
07-03-2024,404.630829,-0.017231388,,,,,,,,,,,,,,,,,,,,
08-03-2024,401.74295,0.007188375,,,,,,,,,,,,,,,,,,,,
11-03-2024,400.061707,0.004202459,,,,,,,,,,,,,,,,,,,,
12-03-2024,410.703125,-0.025910244,,,,,,,,,,,,,,,,,,,,
13-03-2024,410.525116,0.000433613,,,,,,,,,,,,,,,,,,,,
14-03-2024,420.533569,-0.023799415,,,,,,,,,,,,,,,,,,,,
15-03-2024,411.830566,0.021132484,,,,,,,,,,,,,,,,,,,,
18-03-2024,412.720642,-0.002156606,,,,,,,,,,,,,,,,,,,,
19-03-2024,416.765564,-0.009705509,,,,,,,,,,,,,,,,,,,,
20-03-2024,420.543457,-0.008983359,,,,,,,,,,,,,,,,,,,,
21-03-2024,424.637817,-0.009642005,,,,,,,,,,,,,,,,,,,,
22-03-2024,424.014771,0.001469397,,,,,,,,,,,,,,,,,,,,
25-03-2024,418.199585,0.013905289,,,,,,,,,,,,,,,,,,,,
26-03-2024,417.00293,0.002869656,,,,,,,,,,,,,,,,,,,,
27-03-2024,416.785309,0.000522142,,,,,,,,,,,,,,,,,,,,
28-03-2024,416.08316,0.001687521,,,,,,,,,,,,,,,,,,,,
01-04-2024,419.890747,-0.009068042,,,,,,,,,,,,,,,,,,,,
02-04-2024,416.795227,0.007426956,,,,,,,,,,,,,,,,,,,,
03-04-2024,415.816162,0.002354562,,,,,,,,,,,,,,,,,,,,
04-04-2024,413.274475,0.006150119,,,,,,,,,,,,,,,,,,,,
05-04-2024,420.830231,-0.017954404,,,,,,,,,,,,,,,,,,,,
08-04-2024,419.910492,0.002190322,,,,,,,,,,,,,,,,,,,,
09-04-2024,421.581909,-0.003964632,,,,,,,,,,,,,,,,,,,,
10-04-2024,418.595184,0.007135116,,,,,,,,,,,,,,,,,,,,
11-04-2024,423.213684,-0.010912927,,,,,,,,,,,,,,,,,,,,
12-04-2024,417.250122,0.014292535,,,,,,,,,,,,,,,,,,,,
15-04-2024,409.081238,0.019968855,,,,,,,,,,,,,,,,,,,,
16-04-2024,410.010803,-0.002267172,,,,,,,,,,,,,,,,,,,,
17-04-2024,407.301025,0.006653011,,,,,,,,,,,,,,,,,,,,
18-04-2024,399.814423,0.018725192,,,,,,,,,,,,,,,,,,,,
19-04-2024,394.721191,0.012903366,,,,,,,,,,,,,,,,,,,,
22-04-2024,396.540955,-0.004589095,,,,,,,,,,,,,,,,,,,,
23-04-2024,403.078125,-0.016218121,,,,,,,,,,,,,,,,,,,,
24-04-2024,404.551666,-0.003642405,,,,,,,,,,,,,,,,,,,,
25-04-2024,394.64209,0.025110287,,,,,,,,,,,,,,,,,,,,
26-04-2024,401.841888,-0.017916992,,,,,,,,,,,,,,,,,,,,
29-04-2024,397.816711,0.01011817,,,,,,,,,,,,,,,,,,,,
30-04-2024,385.039124,0.033185165,,,,,,,,,,,,,,,,,,,,
01-05-2024,390.58728,-0.014204651,,,,,,,,,,,,,,,,,,,,
02-05-2024,393.455322,-0.007289371,,,,,,,,,,,,,,,,,,,,
03-05-2024,402.178101,-0.021688846,,,,,,,,,,,,,,,,,,,,
06-05-2024,408.9823,-0.016636903,,,,,,,,,,,,,,,,,,,,
07-05-2024,404.828583,0.010260434,,,,,,,,,,,,,,,,,,,,
08-05-2024,406.015381,-0.002923037,,,,,,,,,,,,,,,,,,,,
09-05-2024,407.775696,-0.004316871,,,,,,,,,,,,,,,,,,,,
10-05-2024,410.169098,-0.005835159,,,,,,,,,,,,,,,,,,,,
13-05-2024,409.160278,0.002465586,,,,,,,,,,,,,,,,,,,,
14-05-2024,411.968994,-0.006817785,,,,,,,,,,,,,,,,,,,,
15-05-2024,419.171875,-0.017183598,,,,,,,,,,,,,,,,,,,,
16-05-2024,417.101135,0.004964599,,,,,,,,,,,,,,,,,,,,
17-05-2024,416.328369,0.001856145,,,,,,,,,,,,,,,,,,,,
20-05-2024,421.41098,-0.012060936,,,,,,,,,,,,,,,,,,,,
21-05-2024,425.076813,-0.008623931,,,,,,,,,,,,,,,,,,,,
22-05-2024,426.543121,-0.003437655,,,,,,,,,,,,,,,,,,,,
23-05-2024,423.055664,0.008243494,,,,,,,,,,,,,,,,,,,,
24-05-2024,426.186493,-0.007346148,,,,,,,,,,,,,,,,,,,,
28-05-2024,426.344971,-0.000371713,,,,,,,,,,,,,,,,,,,,
29-05-2024,425.205658,0.00267944,,,,,,,,,,,,,,,,,,,,
30-05-2024,410.839539,0.034967713,,,,,,,,,,,,,,,,,,,,
31-05-2024,411.295319,-0.001108158,,,,,,,,,,,,,,,,,,,,
03-06-2024,409.700165,0.003893467,,,,,,,,,,,,,,,,,,,,
04-06-2024,412.226624,-0.006128811,,,,,,,,,,,,,,,,,,,,
05-06-2024,420.093262,-0.018725932,,,,,,,,,,,,,,,,,,,,
06-06-2024,420.598541,-0.001201333,,,,,,,,,,,,,,,,,,,,
07-06-2024,419.934784,0.001580619,,,,,,,,,,,,,,,,,,,,
10-06-2024,423.917603,-0.009395267,,,,,,,,,,,,,,,,,,,,
11-06-2024,428.683197,-0.01111682,,,,,,,,,,,,,,,,,,,,
12-06-2024,436.985779,-0.018999662,,,,,,,,,,,,,,,,,,,,
13-06-2024,437.500946,-0.001177522,,,,,,,,,,,,,,,,,,,,
14-06-2024,438.481842,-0.002237028,,,,,,,,,,,,,,,,,,,,
17-06-2024,444.228241,-0.01293569,,,,,,,,,,,,,,,,,,,,
18-06-2024,442.21701,0.004548063,,,,,,,,,,,,,,,,,,,,
20-06-2024,441.582947,0.001435887,,,,,,,,,,,,,,,,,,,,
21-06-2024,445.625214,-0.009071002,,,,,,,,,,,,,,,,,,,,
24-06-2024,443.534729,0.004713239,,,,,,,,,,,,,,,,,,,,
25-06-2024,446.784424,-0.007273519,,,,,,,,,,,,,,,,,,,,
26-06-2024,447.983246,-0.002676042,,,,,,,,,,,,,,,,,,,,
27-06-2024,448.66684,-0.001523612,,,,,,,,,,,,,,,,,,,,
28-06-2024,442.82135,0.01320056,,,,,,,,,,,,,,,,,,,,
01-07-2024,452.511047,-0.021413172,,,,,,,,,,,,,,,,,,,,
02-07-2024,455.037476,-0.005552134,,,,,,,,,,,,,,,,,,,,
03-07-2024,456.513672,-0.003233629,,,,,,,,,,,,,,,,,,,,
05-07-2024,463.240967,-0.014522237,,,,,,,,,,,,,,,,,,,,
08-07-2024,461.933167,0.002831145,,,,,,,,,,,,,,,,,,,,
09-07-2024,455.295074,0.01457976,,,,,,,,,,,,,,,,,,,,
10-07-2024,461.943115,-0.014391471,,,,,,,,,,,,,,,,,,,,
11-07-2024,450.499786,0.025401408,,,,,,,,,,,,,,,,,,,,
12-07-2024,449.360382,0.002535613,,,,,,,,,,,,,,,,,,,,
15-07-2024,449.766571,-0.000903111,,,,,,,,,,,,,,,,,,,,
16-07-2024,445.367645,0.009877067,,,,,,,,,,,,,,,,,,,,
17-07-2024,439.423035,0.013528217,,,,,,,,,,,,,,,,,,,,
18-07-2024,436.302155,0.007153024,,,,,,,,,,,,,,,,,,,,
19-07-2024,433.072235,0.007458155,,,,,,,,,,,,,,,,,,,,
22-07-2024,438.848389,-0.013162072,,,,,,,,,,,,,,,,,,,,
23-07-2024,440.740753,-0.004293599,,,,,,,,,,,,,,,,,,,,
24-07-2024,424.93811,0.037188105,,,,,,,,,,,,,,,,,,,,
25-07-2024,414.535095,0.025095619,,,,,,,,,,,,,,,,,,,,
26-07-2024,421.341614,-0.016154395,,,,,,,,,,,,,,,,,,,,
29-07-2024,422.788147,-0.003421413,,,,,,,,,,,,,,,,,,,,
30-07-2024,419.013367,0.009008734,,,,,,,,,,,,,,,,,,,,
31-07-2024,414.485565,0.010923908,,,,,,,,,,,,,,,,,,,,
01-08-2024,413.257019,0.002972838,,,,,,,,,,,,,,,,,,,,
02-08-2024,404.716614,0.021102185,,,,,,,,,,,,,,,,,,,,
05-08-2024,391.499847,0.033759316,,,,,,,,,,,,,,,,,,,,
06-08-2024,395.918671,-0.011160939,,,,,,,,,,,,,,,,,,,,
07-08-2024,394.749542,0.002961698,,,,,,,,,,,,,,,,,,,,
08-08-2024,398.970184,-0.010578841,,,,,,,,,,,,,,,,,,,,
09-08-2024,402.26947,-0.008201681,,,,,,,,,,,,,,,,,,,,
12-08-2024,403.052155,-0.001941895,,,,,,,,,,,,,,,,,,,,
13-08-2024,410.185638,-0.017390865,,,,,,,,,,,,,,,,,,,,
14-08-2024,413.009308,-0.006836819,,,,,,,,,,,,,,,,,,,,
15-08-2024,417.89267,-0.011685685,,,,,,,,,,,,,,,,,,,,
16-08-2024,415.351746,0.006117523,,,,,,,,,,,,,,,,,,,,
19-08-2024,418.388947,-0.007259276,,,,,,,,,,,,,,,,,,,,
20-08-2024,421.634583,-0.007697746,,,,,,,,,,,,,,,,,,,,
21-08-2024,420.979492,0.001556111,,,,,,,,,,,,,,,,,,,,
22-08-2024,412.453491,0.020671424,,,,,,,,,,,,,,,,,,,,
23-08-2024,413.684265,-0.002975153,,,,,,,,,,,,,,,,,,,,
26-08-2024,410.408844,0.007980873,,,,,,,,,,,,,,,,,,,,
27-08-2024,410.756226,-0.000845713,,,,,,,,,,,,,,,,,,,,
28-08-2024,407.540405,0.007890803,,,,,,,,,,,,,,,,,,,,
29-08-2024,410.041595,-0.006099845,,,,,,,,,,,,,,,,,,,,
30-08-2024,414.031647,-0.00963707,,,,,,,,,,,,,,,,,,,,
03-09-2024,406.389038,0.01880614,,,,,,,,,,,,,,,,,,,,
04-09-2024,405.853027,0.001320702,,,,,,,,,,,,,,,,,,,,
05-09-2024,405.346863,0.001248718,,,,,,,,,,,,,,,,,,,,
06-09-2024,398.706696,0.016654265,,,,,,,,,,,,,,,,,,,,
09-09-2024,402.696747,-0.009908327,,,,,,,,,,,,,,,,,,,,
10-09-2024,411.113586,-0.020473269,,,,,,,,,,,,,,,,,,,,
11-09-2024,419.887695,-0.020896323,,,,,,,,,,,,,,,,,,,,
12-09-2024,423.818176,-0.009273979,,,,,,,,,,,,,,,,,,,,
13-09-2024,427.381439,-0.00833743,,,,,,,,,,,,,,,,,,,,
16-09-2024,428.125854,-0.001738776,,,,,,,,,,,,,,,,,,,,
17-09-2024,431.90744,-0.008755547,,,,,,,,,,,,,,,,,,,,
18-09-2024,427.599792,0.010074018,,,,,,,,,,,,,,,,,,,,
19-09-2024,435.421082,-0.017962589,,,,,,,,,,,,,,,,,,,,
20-09-2024,432.02655,0.00785723,,,,,,,,,,,,,,,,,,,,
23-09-2024,430.279694,0.004059815,,,,,,,,,,,,,,,,,,,,
24-09-2024,425.972046,0.010112513,,,,,,,,,,,,,,,,,,,,
25-09-2024,428.890076,-0.006803678,,,,,,,,,,,,,,,,,,,,
26-09-2024,428.096069,0.00185474,,,,,,,,,,,,,,,,,,,,
27-09-2024,424.830536,0.007686672,,,,,,,,,,,,,,,,,,,,
30-09-2024,427.093567,-0.005298677,,,,,,,,,,,,,,,,,,,,
01-10-2024,417.555206,0.022843353,,,,,,,,,,,,,,,,,,,,
02-10-2024,414.021729,0.008534521,,,,,,,,,,,,,,,,,,,,
03-10-2024,413.436127,0.001416427,,,,,,,,,,,,,,,,,,,,
04-10-2024,412.959717,0.001153648,,,,,,,,,,,,,,,,,,,,
07-10-2024,406.488281,0.015920351,,,,,,,,,,,,,,,,,,,,
08-10-2024,411.619751,-0.01246653,,,,,,,,,,,,,,,,,,,,
09-10-2024,414.349243,-0.006587419,,,,,,,,,,,,,,,,,,,,
10-10-2024,412.741364,0.003895609,,,,,,,,,,,,,,,,,,,,
11-10-2024,413.217743,-0.001152852,,,,,,,,,,,,,,,,,,,,
14-10-2024,416.016785,-0.006728195,,,,,,,,,,,,,,,,,,,,
15-10-2024,415.61972,0.000955356,,,,,,,,,,,,,,,,,,,,
16-10-2024,413.019257,0.006296227,,,,,,,,,,,,,,,,,,,,
17-10-2024,413.614777,-0.001439794,,,,,,,,,,,,,,,,,,,,
18-10-2024,415.044037,-0.003443635,,,,,,,,,,,,,,,,,,,,
21-10-2024,415.659424,-0.001480508,,,,,,,,,,,,,,,,,,,,
22-10-2024,424.324402,-0.020420645,,,,,,,,,,,,,,,,,,,,
23-10-2024,421.436096,0.006853485,,,,,,,,,,,,,,,,,,,,
24-10-2024,421.565125,-0.000306071,,,,,,,,,,,,,,,,,,,,
25-10-2024,424.959595,-0.007987748,,,,,,,,,,,,,,,,,,,,
28-10-2024,423.411224,0.003656896,,,,,,,,,,,,,,,,,,,,
29-10-2024,428.731323,-0.012408935,,,,,,,,,,,,,,,,,,,,
30-10-2024,429.306976,-0.001340889,,,,,,,,,,,,,,,,,,,,
31-10-2024,403.322052,0.064427233,,,,,,,,,,,,,,,,,,,,
01-11-2024,407.312103,-0.009796053,,,,,,,,,,,,,,,,,,,,
04-11-2024,405.416321,0.004676136,,,,,,,,,,,,,,,,,,,,
05-11-2024,408.393951,-0.007291073,,,,,,,,,,,,,,,,,,,,
06-11-2024,417.048981,-0.02075303,,,,,,,,,,,,,,,,,,,,
07-11-2024,422.259857,-0.012340448,,,,,,,,,,,,,,,,,,,,
08-11-2024,419.391418,0.006839527,,,,,,,,,,,,,,,,,,,,
11-11-2024,414.895172,0.010837065,,,,,,,,,,,,,,,,,,,,
12-11-2024,419.877747,-0.011866728,,,,,,,,,,,,,,,,,,,,
13-11-2024,422.031586,-0.005103502,,,,,,,,,,,,,,,,,,,,
14-11-2024,423.709015,-0.003958917,,,,,,,,,,,,,,,,,,,,
15-11-2024,411.907623,0.028650579,,,,,,,,,,,,,,,,,,,,
18-11-2024,412.661926,-0.001827896,,,,,,,,,,,,,,,,,,,,
19-11-2024,414.676788,-0.004858873,,,,,,,,,,,,,,,,,,,,
20-11-2024,412.393951,0.005535573,,,,,,,,,,,,,,,,,,,,
21-11-2024,410.613739,0.004335491,,,,,,,,,,,,,,,,,,,,
22-11-2024,414.721161,-0.009904057,,,,,,,,,,,,,,,,,,,,
25-11-2024,416.501373,-0.004274204,,,,,,,,,,,,,,,,,,,,
26-11-2024,425.651093,-0.021495822,,,,,,,,,,,,,,,,,,,,
27-11-2024,420.678406,0.011820638,,,,,,,,,,,,,,,,,,,,
29-11-2024,421.145844,-0.00110992,,,,,,,,,,,,,,,,,,,,
02-12-2024,428.624786,-0.017448692,,,,,,,,,,,,,,,,,,,,
03-12-2024,428.843567,-0.000510165,,,,,,,,,,,,,,,,,,,,
04-12-2024,435.029572,-0.014219734,,,,,,,,,,,,,,,,,,,,
05-12-2024,440.201141,-0.011748195,,,,,,,,,,,,,,,,,,,,
06-12-2024,441.145966,-0.002141751,,,,,,,,,,,,,,,,,,,,
09-12-2024,443.58252,-0.005492899,,,,,,,,,,,,,,,,,,,,
10-12-2024,440.907257,0.006067632,,,,,,,,,,,,,,,,,,,,
11-12-2024,446.536346,-0.012606116,,,,,,,,,,,,,,,,,,,,
12-12-2024,447.10321,-0.001267859,,,,,,,,,,,,,,,,,,,,
13-12-2024,444.825714,0.005119974,,,,,,,,,,,,,,,,,,,,
16-12-2024,449.122101,-0.009566189,,,,,,,,,,,,,,,,,,,,
17-12-2024,451.97641,-0.006315173,,,,,,,,,,,,,,,,,,,,
18-12-2024,434.999756,0.039026813,,,,,,,,,,,,,,,,,,,,
19-12-2024,434.641693,0.000823812,,,,,,,,,,,,,,,,,,,,
20-12-2024,434.21405,0.000984867,,,,,,,,,,,,,,,,,,,,
23-12-2024,432.871429,0.003101662,,,,,,,,,,,,,,,,,,,,
24-12-2024,436.929108,-0.009286813,,,,,,,,,,,,,,,,,,,,
26-12-2024,435.71579,0.002784655,,,,,,,,,,,,,,,,,,,,
27-12-2024,428.177216,0.017606201,,,,,,,,,,,,,,,,,,,,
30-12-2024,422.508362,0.01341714,,,,,,,,,,,,,,,,,,,,
31-12-2024,419.196533,0.007900421,,,,,,,,,,,,,,,,,,,,
02-01-2025,416.292511,0.006975917,,,,,,,,,,,,,,,,,,,,
03-01-2025,421.036469,-0.011267333,,,,,,,,,,,,,,,,,,,,
06-01-2025,425.511871,-0.01051769,,,,,,,,,,,,,,,,,,,,
07-01-2025,420.061798,0.012974455,,,,,,,,,,,,,,,,,,,,
08-01-2025,422.239838,-0.005158301,,,,,,,,,,,,,,,,,,,,
10-01-2025,416.660492,0.013390629,,,,,,,,,,,,,,,,,,,,
13-01-2025,414.910126,0.004218663,,,,,,,,,,,,,,,,,,,,
14-01-2025,413.398438,0.003656734,,,,,,,,,,,,,,,,,,,,
15-01-2025,423.980286,-0.024958349,,,,,,,,,,,,,,,,,,,,
16-01-2025,422.259705,0.004074699,,,,,,,,,,,,,,,,,,,,
17-01-2025,426.685425,-0.010372325,,,,,,,,,,,,,,,,,,,,
21-01-2025,426.158325,0.001236864,,,,,,,,,,,,,,,,,,,,
22-01-2025,443.761627,-0.039668374,,,,,,,,,,,,,,,,,,,,
23-01-2025,444.268768,-0.001141518,,,,,,,,,,,,,,,,,,,,
24-01-2025,441.633301,0.005967546,,,,,,,,,,,,,,,,,,,,
27-01-2025,432.185181,0.021861277,,,,,,,,,,,,,,,,,,,,
28-01-2025,444.756134,-0.028264822,,,,,,,,,,,,,,,,,,,,
29-01-2025,439.912689,0.011010014,,,,,,,,,,,,,,,,,,,,
30-01-2025,412.722137,0.065881012,,,,,,,,,,,,,,,,,,,,
31-01-2025,412.791779,-0.00016871,,,,,,,,,,,,,,,,,,,,
03-02-2025,408.674377,0.010075019,,,,,,,,,,,,,,,,,,,,
04-02-2025,410.116455,-0.003516265,,,,,,,,,,,,,,,,,,,,
05-02-2025,411.031464,-0.002226129,,,,,,,,,,,,,,,,,,,,
06-02-2025,413.547607,-0.006084289,,,,,,,,,,,,,,,,,,,,
07-02-2025,407.510773,0.014813925,,,,,,,,,,,,,,,,,,,,
10-02-2025,409.967285,-0.005991971,,,,,,,,,,,,,,,,,,,,
11-02-2025,409.191528,0.001895829,,,,,,,,,,,,,,,,,,,,
12-02-2025,406.804657,0.005867364,,,,,,,,,,,,,,,,,,,,
13-02-2025,408.296478,-0.003653769,,,,,,,,,,,,,,,,,,,,
14-02-2025,406.197968,0.005166225,,,,,,,,,,,,,,,,,,,,
18-02-2025,407.401398,-0.002953917,,,,,,,,,,,,,,,,,,,,
19-02-2025,412.503357,-0.012368285,,,,,,,,,,,,,,,,,,,,
20-02-2025,414.68576,-0.005262787,,,,,,,,,,,,,,,,,,,,
21-02-2025,406.793213,0.019401865,,,,,,,,,,,,,,,,,,,,
24-02-2025,402.597839,0.010420756,,,,,,,,,,,,,,,,,,,,
25-02-2025,396.519012,0.015330481,,,,,,,,,,,,,,,,,,,,
26-02-2025,398.342682,-0.004578144,,,,,,,,,,,,,,,,,,,,
27-02-2025,391.167633,0.018342645,,,,,,,,,,,,,,,,,,,,
28-02-2025,395.612152,-0.011234536,,,,,,,,,,,,,,,,,,,,
03-03-2025,387.141663,0.021879559,,,,,,,,,,,,,,,,,,,,
04-03-2025,387.26123,-0.00030875,,,,,,,,,,,,,,,,,,,,
05-03-2025,399.628174,-0.030946126,,,,,,,,,,,,,,,,,,,,
06-03-2025,395.512543,0.010405817,,,,,,,,,,,,,,,,,,,,
07-03-2025,391.944946,0.009102291,,,,,,,,,,,,,,,,,,,,
10-03-2025,378.840576,0.034590725,,,,,,,,,,,,,,,,,,,,
11-03-2025,379.129608,-0.000762357,,,,,,,,,,,,,,,,,,,,
12-03-2025,381.939789,-0.007357654,,,,,,,,,,,,,,,,,,,,
13-03-2025,377.455383,0.011880625,,,,,,,,,,,,,,,,,,,,
14-03-2025,387.211426,-0.025195649,,,,,,,,,,,,,,,,,,,,
17-03-2025,387.350952,-0.000360206,,,,,,,,,,,,,,,,,,,,
18-03-2025,382.188934,0.013506456,,,,,,,,,,,,,,,,,,,,
19-03-2025,386.473999,-0.011087589,,,,,,,,,,,,,,,,,,,,
20-03-2025,385.497406,0.002533332,,,,,,,,,,,,,,,,,,,,
21-03-2025,389.902069,-0.011296844,,,,,,,,,,,,,,,,,,,,
24-03-2025,391.715729,-0.004630041,,,,,,,,,,,,,,,,,,,,
25-03-2025,393.788544,-0.005263777,,,,,,,,,,,,,,,,,,,,
26-03-2025,388.616547,0.013308741,,,,,,,,,,,,,,,,,,,,
27-03-2025,389.224396,-0.001561693,,,,,,,,,,,,,,,,,,,,
28-03-2025,377.485291,0.031098179,,,,,,,,,,,,,,,,,,,,
31-03-2025,374.087158,0.0090838,,,,,,,,,,,,,,,,,,,,
01-04-2025,380.863525,-0.017792113,,,,,,,,,,,,,,,,,,,,
02-04-2025,380.813721,0.000130783,,,,,,,,,,,,,,,,,,,,
03-04-2025,371.815033,0.024202055,,,,,,,,,,,,,,,,,,,,
04-04-2025,358.591095,0.036877486,,,,,,,,,,,,,,,,,,,,
07-04-2025,356.617981,0.005532851,,,,,,,,,,,,,,,,,,,,
08-04-2025,353.329437,0.009307303,,,,,,,,,,,,,,,,,,,,
09-04-2025,389.134735,-0.092012598,,,,,,,,,,,,,,,,,,,,
10-04-2025,380.026459,0.023967479,,,,,,,,,,,,,,,,,,,,
11-04-2025,387.101807,-0.018277745,,,,,,,,,,,,,,,,,,,,
14-04-2025,386.46402,0.001650314,,,,,,,,,,,,,,,,,,,,
15-04-2025,384.391266,0.005392303,,,,,,,,,,,,,,,,,,,,
16-04-2025,370.320251,0.037996882,,,,,,,,,,,,,,,,,,,,
17-04-2025,366.50354,0.010413845,,,,,,,,,,,,,,,,,,,,
21-04-2025,357.873596,0.024114503,,,,,,,,,,,,,,,,,,,,
22-04-2025,365.546906,-0.020991314,,,,,,,,,,,,,,,,,,,,
23-04-2025,373.090637,-0.020219567,,,,,,,,,,,,,,,,,,,,
24-04-2025,385.95578,-0.033333205,,,,,,,,,,,,,,,,,,,,
25-04-2025,390.490021,-0.011611669,,,,,,,,,,,,,,,,,,,,
28-04-2025,389.802429,0.00176395,,,,,,,,,,,,,,,,,,,,
29-04-2025,392.672424,-0.007308878,,,,,,,,,,,,,,,,,,,,
30-04-2025,393.888184,-0.003086561,,,,,,,,,,,,,,,,,,,,
01-05-2025,423.923553,-0.070850909,,,,,,,,,,,,,,,,,,,,
02-05-2025,433.769287,-0.022698089,,,,,,,,,,,,,,,,,,,,
05-05-2025,434.656189,-0.002040468,,,,,,,,,,,,,,,,,,,,
06-05-2025,431.806122,0.006600339,,,,,,,,,,,,,,,,,,,,
07-05-2025,431.845978,-9.23E-05,,,,,,,,,,,,,,,,,,,,
08-05-2025,436.649261,-0.011000323,,,,,,,,,,,,,,,,,,,,
09-05-2025,437.207306,-0.001276385,,,,,,,,,,,,,,,,,,,,
12-05-2025,447.700775,-0.023438577,,,,,,,,,,,,,,,,,,,,
13-05-2025,447.581207,0.000267143,,,,,,,,,,,,,,,,,,,,
14-05-2025,451.367981,-0.008389549,,,,,,,,,,,,,,,,,,,,
15-05-2025,452.386322,-0.002251043,,,,,,,,,,,,,,,,,,,,
16-05-2025,453.524445,-0.002509508,,,,,,,,,,,,,,,,,,,,
19-05-2025,458.116882,-0.010024597,,,,,,,,,,,,,,,,,,,,
20-05-2025,457.41806,0.001527753,,,,,,,,,,,,,,,,,,,,
21-05-2025,451.82724,0.0123738,,,,,,,,,,,,,,,,,,,,
22-05-2025,454.113464,-0.005034477,,,,,,,,,,,,,,,,,,,,
23-05-2025,449.441162,0.010395803,,,,,,,,,,,,,,,,,,,,
27-05-2025,459.933899,-0.022813576,,,,,,,,,,,,,,,,,,,,
28-05-2025,456.609375,0.007280893,,,,,,,,,,,,,,,,,,,,
29-05-2025,457.927216,-0.002877839,,,,,,,,,,,,,,,,,,,,
30-05-2025,459.604431,-0.003649258,,,,,,,,,,,,,,,,,,,,
02-06-2025,461.211823,-0.003485149,,,,,,,,,,,,,,,,,,,,
03-06-2025,462.210175,-0.002159952,,,,,,,,,,,,,,,,,,,,
04-06-2025,463.108673,-0.001940145,,,,,,,,,,,,,,,,,,,,
05-06-2025,466.912415,-0.008146586,,,,,,,,,,,,,,,,,,,,
06-06-2025,469.608002,-0.005740079,,,,,,,,,,,,,,,,,,,,
09-06-2025,471.974121,-0.005013239,,,,,,,,,,,,,,,,,,,,
10-06-2025,470.147125,0.003886009,,,,,,,,,,,,,,,,,,,,
11-06-2025,471.84433,-0.00359696,,,,,,,,,,,,,,,,,,,,
12-06-2025,478.084076,-0.013051566,,,,,,,,,,,,,,,,,,,,
13-06-2025,474.180481,0.008232298,,,,,,,,,,,,,,,,,,,,
16-06-2025,478.353638,-0.008724,,,,,,,,,,,,,,,,,,,,
17-06-2025,477.255432,0.002301086,,,,,,,,,,,,,,,,,,,,
18-06-2025,479.451813,-0.004581026,,,,,,,,,,,,,,,,,,,,
20-06-2025,476.616486,0.005948865,,,,,,,,,,,,,,,,,,,,
23-06-2025,485.202362,-0.017695454,,,,,,,,,,,,,,,,,,,,
24-06-2025,489.305603,-0.008385845,,,,,,,,,,,,,,,,,,,,
25-06-2025,491.462067,-0.004387854,,,,,,,,,,,,,,,,,,,,
26-06-2025,496.633575,-0.010413126,,,,,,,,,,,,,,,,,,,,
27-06-2025,495.126068,0.003044693,,,,,,,,,,,,,,,,,,,,
30-06-2025,496.593658,-0.002955314,,,,,,,,,,,,,,,,,,,,
01-07-2025,491.242432,0.010893249,,,,,,,,,,,,,,,,,,,,
02-07-2025,490.284027,0.001954795,,,,,,,,,,,,,,,,,,,,
03-07-2025,498.021301,-0.01553603,,,,,,,,,,,,,,,,,,,,
07-07-2025,496.903137,0.002250266,,,,,,,,,,,,,,,,,,,,
08-07-2025,495.804932,0.002214994,,,,,,,,,,,,,,,,,,,,
09-07-2025,502.683655,-0.013684,,,,,,,,,,,,,,,,,,,,
10-07-2025,500.656982,0.004048027,,,,,,,,,,,,,,,,,,,,
11-07-2025,502.493958,-0.003655718,,,,,,,,,,,,,,,,,,,,
14-07-2025,502.194427,0.000596444,,,,,,,,,,,,,,,,,,,,
15-07-2025,504.989838,-0.005535579,,,,,,,,,,,,,,,,,,,,
16-07-2025,504.790161,0.000395564,,,,,,,,,,,,,,,,,,,,
17-07-2025,510.860199,-0.011881994,,,,,,,,,,,,,,,,,,,,
18-07-2025,509.212891,0.003235008,,,,,,,,,,,,,,,,,,,,
21-07-2025,509.22287,-1.96E-05,,,,,,,,,,,,,,,,,,,,
22-07-2025,504.440735,0.009480073,,,,,,,,,,,,,,,,,,,,
23-07-2025,505.039764,-0.001186103,,,,,,,,,,,,,,,,,,,,
24-07-2025,510.041534,-0.009806594,,,,,,,,,,,,,,,,,,,,
25-07-2025,512.866943,-0.005509049,,,,,,,,,,,,,,,,,,,,
28-07-2025,511.658875,0.002361081,,,,,,,,,,,,,,,,,,,,
29-07-2025,511.72876,-0.000136566,,,,,,,,,,,,,,,,,,,,
30-07-2025,512.397644,-0.0013054,,,,,,,,,,,,,,,,,,,,
31-07-2025,532.62439,-0.037975629,,,,,,,,,,,,,,,,,,,,
01-08-2025,523.249817,0.017916056,,,,,,,,,,,,,,,,,,,,
04-08-2025,534.760925,-0.021525709,,,,,,,,,,,,,,,,,,,,
05-08-2025,526.88385,0.014950306,,,,,,,,,,,,,,,,,,,,
06-08-2025,524.078491,0.005352937,,,,,,,,,,,,,,,,,,,,
07-08-2025,519.985229,0.007871881,,,,,,,,,,,,,,,,,,,,
08-08-2025,521.183228,-0.002298614,,,,,,,,,,,,,,,,,,,,
11-08-2025,520.913696,0.000517422,,,,,,,,,,,,,,,,,,,,
12-08-2025,528.371399,-0.014114509,,,,,,,,,,,,,,,,,,,,
13-08-2025,519.725647,0.016635223,,,,,,,,,,,,,,,,,,,,
14-08-2025,521.622498,-0.003636444,,,,,,,,,,,,,,,,,,,,
15-08-2025,519.316284,0.004440866,,,,,,,,,,,,,,,,,,,,
18-08-2025,516.251282,0.005937035,,,,,,,,,,,,,,,,,,,,
19-08-2025,508.93335,0.014378959,,,,,,,,,,,,,,,,,,,,
20-08-2025,504.890015,0.008008348,,,,,,,,,,,,,,,,,,,,
21-08-2025,504.23999,0.001289118,,,,,,,,,,,,,,,,,,,,
22-08-2025,507.230011,-0.005894803,,,,,,,,,,,,,,,,,,,,
25-08-2025,504.26001,0.005889821,,,,,,,,,,,,,,,,,,,,
26-08-2025,502.040009,0.00442196,,,,,,,,,,,,,,,,,,,,
27-08-2025,506.73999,-0.009274936,,,,,,,,,,,,,,,,,,,,
28-08-2025,509.640015,-0.00569034,,,,,,,,,,,,,,,,,,,,
29-08-2025,506.690002,0.005822126,,,,,,,,,,,,,,,,,,,,
,,,,,,,,,,,,,,,,,,,,,,
,,,,,,,,,,,,,,,,,,,,,,
